name,country_name,longitude,latitude,population,significance
Bishkek,Kyrgyzstan,42.87,74.59,900000,1056250220
Álvaro Obregón,Mexico,19.35867,-99.20329,726664,6065248137
Yogyakarta,Indonesia,-7.80139,110.36472,636660,2463612168
Makassar,Indonesia,-5.14861,119.43194,1321717,5114500807
Dublin,Ireland,53.33306,-6.24889,1024027,87316493327
Tébessa,Algeria,35.40417,8.12417,634332,2099884111
Dammam,Saudi Arabia,26.43442,50.10326,768602,15456829246
Dushanbe,Tajikistan,38.53575,68.77905,679400,583698331
Gaziantep,Turkey,37.05944,37.3825,1065975,9101474764
Klang,Malaysia,3.03667,101.44333,879867,9152195294
Asunción,Paraguay,-25.28646,-57.647,1482200,7336519006
Yekaterinburg,Russian Federation,56.8519,60.6122,1349772,13895399576
Salem,India,11.65376,78.15538,917414,1743735037
Nagpur,India,21.14631,79.08491,2228018,4234808985
Kolhāpur,India,16.69563,74.23167,516142,981034614
Cuttack,India,20.46497,85.87927,580000,1102409950
Muzaffarābād,Pakistan,34.37002,73.47082,725000,865456713
Kotli,Pakistan,33.51836,73.9022,640000,763989374
Zhuzhou,China,27.83333,113.15,1129687,11862160422
Yancheng,China,33.3575,120.1573,1615717,16965667703
Xining,China,36.62554,101.75739,767531,8059379148
Tanggu,China,39.02111,117.64694,535298,5620840772
Shantou,China,23.36814,116.71479,5329024,55956860247
Shangluo,China,33.86667,109.93056,531696,5583018347
Putian,China,25.43944,119.01028,1107199,11626027526
Luzhou,China,28.8903,105.42575,998900,10488845181
Lanzhou,China,36.05701,103.83987,2628426,27599512847
Yiyang,China,28.58917,112.32833,1249807,13123467944
Chenzhou,China,25.8,113.03333,822534,8636932408
Baise,China,23.89013,106.62684,686078,7204090423
Suzhou,China,31.30408,120.59538,5345961,56134705448
Shenyang,China,41.79222,123.43278,6255921,65689645442
Hamburg,Germany,53.55073,9.99302,1739117,80361865238
Brasília,Brazil,-15.77972,-47.92972,2207718,15005516039
Bangui,Central African Republic,4.36122,18.55496,542393,258640706
Chicago,United States,41.85003,-87.65005,2720546,172873226379
Pikine,Senegal,14.76457,-17.39071,874062,1300392129
Dakar,Senegal,14.6937,-17.44406,2476400,3684282200
Kampala,Uganda,0.31628,32.58219,1353189,1105603799
Milwaukee,United States,43.0389,-87.90647,600155,38135995928
Washington,United States,38.89511,-77.03637,601723,38235632258
Suizhou,China,31.71111,113.36306,618582,6495355721
Jinjiang,China,24.81978,118.57415,1172827,12315147489
Puyang,China,29.45679,119.88872,3590000,37696420261
Jingmen,China,31.03361,112.20472,632954,6646267407
Huangshi,China,30.24706,115.04814,688090,7225217219
Huaibei,China,33.97444,116.79167,1113321,11690310948
Hebi,China,35.89917,114.1925,634721,6664821606
Benxi,China,41.28861,123.765,987717,10371419257
Taizhou,China,28.66266,121.43312,1189276,12487868497
Jinzhong,China,37.68403,112.75471,1226617,12879963769
Fortaleza,Brazil,-3.71722,-38.54306,2400000,16312426901
Depok,Indonesia,-6.4,106.81861,1198129,4636266113
Thiruvananthapuram,India,8.4855,76.94924,784153,1490444947
Madurai,India,9.919,78.11953,1465625,2785723418
Abū Ghurayb,Iraq,33.30563,44.18477,900000,3741736045
Karaj,Iran,35.83266,50.99155,1448075,3305306291
Kyoto,Japan,35.02107,135.75385,1459640,57712529731
Tlalnepantla,Mexico,19.54005,-99.19538,653410,5453818801
Faisalabad,Pakistan,31.41554,73.08969,2506595,2992206165
Port Harcourt,Nigeria,4.77742,7.0134,1148665,2408856725
Naples,Italy,40.85216,14.26811,959470,30392365628
Marseille,France,43.29695,5.38107,794811,31021759757
Giza,Egypt,30.00944,31.20861,2443203,8668168700
Zhenjiang,China,32.21086,119.45508,950516,9980794039
Zhaotong,China,27.31667,103.71667,787845,8272684184
Yantai,China,37.47649,121.44081,2227733,23392077827
Weifang,China,36.71,119.10194,2044028,21463102650
Tianjin,China,39.14222,117.17667,11090314,116452684505
Suzhou,China,33.63611,116.97889,1647642,17300892833
Shaoxing,China,30.00237,120.57864,1725726,18120805725
Hangzhou,China,30.29365,120.16142,6241971,65543164923
Mudanjiang,China,44.54804,129.62594,665915,6992370947
Datong,China,40.09361,113.29139,1052678,11053535456
Anshan,China,41.12361,122.99,1199275,12592861952
Medina,Saudi Arabia,24.46861,39.61417,1300000,26143411050
İzmir,Turkey,38.41273,27.13838,2500603,21350571166
San Diego,United States,32.71571,-117.16472,1394928,88638715878
Medellín,Colombia,6.25184,-75.56359,1999979,10665435060
Mexicali,Mexico,32.62781,-115.45446,689775,5757346633
Ciudad Juárez,Mexico,31.72024,-106.46084,1321004,11026027229
Kampung Baru Subang,Malaysia,3.15,101.53333,833571,8670633838
Subang Jaya,Malaysia,3.04384,101.58062,708296,7367549093
Maputo,Mozambique,-25.96553,32.58322,1191613,534566474
Cebu City,Philippines,10.31672,123.89071,798634,2634557680
Ciudad Nezahualcoyotl,Mexico,19.40061,-99.01483,1104585,9219642247
Callao,Peru,-12.05659,-77.11814,813264,4982766496
Ranchi,India,23.34316,85.3094,1120374,2129502491
Jalandhar,India,31.32556,75.57917,785178,1492393171
Hyderabad,India,17.38405,78.45636,6809970,12943756353
Bhayandar,India,19.30157,72.85107,520301,988939654
Bareilly,India,28.36678,79.43167,745435,1416853381
Salvador,Brazil,-12.97111,-38.51083,2711840,18431954904
Campo Grande,Brazil,-20.44278,-54.64639,729151,4955925995
Manila,Philippines,14.6042,120.9822,1600000,5278127762
Lahore,Pakistan,31.558,74.35071,6310888,7533517771
Beira,Mozambique,-19.84361,34.83889,530604,238032909
Amsterdam,Netherlands,52.37403,4.88969,741636,38859588051
Novokuznetsk,Russian Federation,53.7557,87.1099,539616,5555145563
Suwon,South Korea,37.29111,127.00889,1242724,39132288515
Incheon,South Korea,37.45646,126.70515,2628000,82753414449
Hwaseong-si,South Korea,37.20682,126.8169,640890,20181063845
Changwon,South Korea,35.22806,128.68111,550000,17319017484
Bamako,Mali,12.65,-8.0,1297281,1114255155
Palembang,Indonesia,-2.91673,104.7458,1441500,5578011718
Dehra Dūn,India,30.32443,78.03392,522081,992322912
Bhubaneshwar,India,20.27241,85.83385,762243,1448800461
Ahvaz,Iran,31.31901,48.6842,841145,1919957088
Acapulco de Juárez,Mexico,16.84942,-99.90891,673479,5621328771
Torreón,Mexico,25.54389,-103.41898,608836,5081772890
Kumasi,Ghana,6.68848,-1.62443,1468609,3419706932
Gustavo Adolfo Madero,Mexico,19.49392,-99.11075,1185772,9897285973
Mississauga,Canada,43.5789,-79.6583,668549,28920210520
Montréal,Canada,45.50884,-73.58781,1600000,69213082112
Ghāziābād,India,28.66535,77.43915,1199191,2279310500
Cochin,India,9.93988,76.26022,604696,1149349805
Ahmedabad,India,23.02579,72.58727,6357693,12084110379
As Sulaymānīyah,Iraq,35.56496,45.4329,723170,3006568062
Hamadān,Iran,34.79922,48.51456,528256,1205771718
Puente Alto,Chile,-33.61169,-70.57577,510417,6753686766
Zhumadian,China,32.97944,114.02944,721670,7577820504
Zhengzhou,China,34.75778,113.64861,4253913,44667769416
Ya'an,China,29.98521,102.999,612056,6426830139
Xianyang,China,34.33778,108.70261,1034081,10858259599
Weihai,China,37.50914,122.11356,844310,8865589023
Pingdingshan,China,33.73847,113.30119,979130,10281252359
Bengbu,China,32.94083,117.36083,972784,10214616849
Shaoyang,China,27.23818,111.46214,753194,7908834976
Zhangjiakou,China,40.81,114.87944,692602,7272595004
Liaoyang,China,41.27194,123.17306,687890,7223117140
Jinzhou,China,41.10778,121.14167,604269,6345063558
Iztapalapa,Mexico,19.35529,-99.06224,1815786,15155825326
Kraków,Poland,50.06143,19.93658,755050,11821200771
Omsk,Russian Federation,54.99244,73.36859,1129281,11625526925
Ta’if,Saudi Arabia,21.27028,40.41583,530848,10675521130
Stockholm,Sweden,59.32938,18.06871,1515017,79173723932
Kagoshima,Japan,31.56667,130.55,555352,21957995678
Hamamatsu,Japan,34.7,137.73333,791707,31303207487
Cheongju-si,South Korea,36.63722,127.48972,634596,19982871307
Tucson,United States,32.22174,-110.92648,531641,33782371239
Denver,United States,39.73915,-104.9847,682545,43371351302
Cần Thơ,Vietnam,10.03711,105.78825,812088,2262253159
Taiz,Yemen,13.57952,44.02091,615222,484452667
Tembisa,South Africa,-25.99636,28.2268,511655,2604689796
Peshawar,Pakistan,34.008,71.57849,1218773,1454890034
Aguascalientes,Mexico,21.88234,-102.28259,722250,6028405793
Kuala Lumpur,Malaysia,3.1412,101.68653,1453975,15123948451
Warri,Nigeria,5.51737,5.75006,536023,1124089799
Belgrade,Serbia,44.80401,20.46513,1273651,9764119943
Tolyatti,Russian Federation,53.5303,49.3461,702879,7235877288
Yerevan,Armenia,40.18111,44.51361,1093485,4666394881
Melbourne,Australia,-37.814,144.96332,4246375,220013835601
Bandung,Indonesia,-6.92222,107.60694,1699719,6577212972
Cúcuta,Colombia,7.89391,-72.50782,721398,3847052155
Santo Domingo Oeste,Dominican Republic,18.5,-70.0,701269,5096961179
Málaga,Spain,36.72016,-4.42034,568305,15380148420
Tangshan,China,39.63333,118.18333,3372102,35408405057
Neijiang,China,29.58354,105.06216,1251095,13136992453
Linfen,China,36.08889,111.51889,959198,10071958474
Yiwu,China,29.31506,120.07676,878903,9228829208
Qiqihar,China,47.34088,123.96045,882364,9265171077
Baotou,China,40.6516,109.84389,1301768,13669079000
Zhu Cheng City,China,35.99502,119.40259,1000000,10500395616
Xuzhou,China,34.20442,117.28386,1253991,13167401599
Luanda,Angola,-8.83682,13.23432,2776168,5262978422
Mendoza,Argentina,-32.89084,-68.82717,876884,7402584085
Aparecida de Goiânia,Brazil,-16.82333,-49.24389,510770,3471624287
Vancouver,Canada,49.24966,-123.11934,600000,25954905792
Kinshasa,Congo,-4.32758,15.31357,7785965,4335327972
Istanbul,Turkey,41.01384,28.94966,14804116,126400045189
Taichung,China,24.1469,120.6839,1040725,10928024227
Donetsk,Ukraine,48.023,37.80224,1024700,3612235035
Kumamoto,Japan,32.80589,130.69181,680423,26903162846
Takeo,Cambodia,10.99081,104.78498,843931,1276637845
Daegu,South Korea,35.87028,128.59111,2566540,80818092968
Vilnius,Lithuania,54.68916,25.2798,542366,10846014268
Lipetsk,Russian Federation,52.60311,39.57076,515655,5308476001
Tashkent,Uzbekistan,41.26465,69.21627,1978028,3334490266
Maturín,Venezuela,9.74569,-63.18323,529376,8979812863
Hanoi,Vietnam,21.0245,105.84117,8053663,22435283570
Brooklyn,United States,40.6501,-73.94958,2300664,146192421850
Sevilla,Spain,37.38283,-5.97317,703206,19031000342
Madrid,Spain,40.4165,-3.70256,3255944,88116243858
Xiaogan,China,30.92689,113.92221,908266,9537152325
Luoyang,China,34.68361,112.45361,1390581,14601650636
Guiyang,China,26.58333,106.71667,3037159,31891371049
Ganzhou,China,25.84664,114.9326,1977253,20761938733
Shangyu,China,30.01556,120.87111,770000,8085304624
Lianyungang,China,34.59845,119.21556,2001009,21011386131
Abu Dhabi,United Arab Emirates,24.45118,54.39696,603492,25697240714
Rosario,Argentina,-32.94682,-60.63932,1173533,9906871045
São Paulo,Brazil,-23.5475,-46.63611,10021295,68113184227
Nairobi,Kenya,-1.28333,36.81667,2750547,5056082913
Morelia,Mexico,19.70078,-101.18443,597511,4987246485
Guadalupe,Mexico,25.67678,-100.25646,673616,5622472270
Victoria de Durango,Mexico,24.02032,-104.65756,518709,4329509644
Chihuahua,Mexico,28.63528,-106.08889,809232,6754418659
Genoa,Italy,44.40478,8.94439,580223,18379261010
Rājkot,India,22.29161,70.79322,1390640,2643198918
Pune,India,18.51957,73.85535,3124458,5938678597
Ludhiāna,India,30.91204,75.85379,1545368,2937291481
Jamshedpur,India,22.80278,86.18545,1339438,2545878928
Bhiwandi,India,19.30023,73.05881,707035,1343866239
Erbil,Iraq,36.18333,44.01193,932800,3878101537
Kingston,Jamaica,17.99702,-76.79358,937700,4373928984
Tlaquepaque,Mexico,20.64091,-103.29327,575942,4807216461
Indianapolis,United States,39.76838,-86.15804,829718,52723250276
Mogadishu,Somalia,2.03711,45.34375,2587183,800514404
Homs,Syrian Arab Republic,34.72682,36.72339,775404,1790230120
Banqiao,China,25.01427,121.46719,543342,5705305955
Taguig,Philippines,14.5243,121.0792,644473,2126006771
Lisbon,Portugal,38.71667,-9.13333,517802,11617963867
Barnaul,Russian Federation,53.36056,83.76361,599579,6172442296
Los Angeles,United States,34.05223,-118.24368,3971883,252387656378
Thuận An,Vietnam,10.9239,106.71428,588616,1639721810
Sanaa,Yemen,15.35472,44.20667,1937451,1525633519
Pretoria,South Africa,-25.74486,28.18783,1619438,8244097358
Pietermaritzburg,South Africa,-29.61679,30.39278,750845,3822337923
Freetown,Sierra Leone,8.48714,-13.2356,802639,388895666
Ankara,Turkey,39.91987,32.85427,3517182,30030294530
Esenler,Turkey,41.0435,28.87619,520235,4441854381
Çankaya,Turkey,39.9179,32.86268,792189,6763843609
Rawalpindi,Pakistan,33.59733,73.0479,1743101,2080797878
Karachi,Pakistan,24.8608,67.0104,11624219,13876218436
Tijuana,Mexico,32.5027,-117.00371,1300983,10858917901
Athens,Greece,37.98376,23.72784,664046,11737804910
Mecca,Saudi Arabia,21.42664,39.82563,1323624,26618497160
Ulhasnagar,India,19.21667,73.15,516584,981874727
Jos,Nigeria,9.92849,8.89212,816824,1712955462
Ibadan,Nigeria,7.37756,3.90591,3565108,7476361152
Managua,Nicaragua,12.13282,-86.2504,973087,1853980581
Ufa,Russian Federation,54.74306,55.96779,1033338,10637829505
Fresno,United States,36.74773,-119.77237,520052,33045964716
Boston,United States,42.35843,-71.05977,675647,42933027702
Havana,Cuba,23.13302,-82.38304,2163824,19702030416
Yangzhou,China,32.39722,119.43583,1584237,16635115249
Shangrao,China,28.45179,117.94287,1116486,11723544700
Xinzhou,China,38.40917,112.73333,544683,5719386985
Xingtai,China,37.06306,114.49417,798770,8387401006
Xiangyang,China,32.0422,112.14479,1294733,13595208717
Qujing,China,25.48333,103.78333,1408500,14789807225
Nanning,China,22.81667,108.31667,3839800,40319419086
Huainan,China,32.62639,116.99694,1666826,17502332423
Binzhou,China,37.36667,118.01667,682717,7168798594
Yueyang,China,29.37455,113.09481,991465,10410774739
Fuxin,China,42.01556,121.65889,689050,7235297599
Liupanshui,China,26.59444,104.83333,1320825,13869185039
Mar del Plata,Argentina,-38.00042,-57.5562,553935,4676274645
Salta,Argentina,-24.7859,-65.41166,512686,4328053910
Dhaka,Bangladesh,23.7104,90.40744,10356500,20389796677
São Luís,Brazil,-2.52972,-44.30278,917237,6234317297
Québec,Canada,46.81228,-71.21454,528595,22866055712
Bucheon-si,South Korea,37.49889,126.78306,850731,26788772841
Tangier,Morocco,35.76727,-5.79975,688356,2104957314
Nay Pyi Taw,Myanmar,19.745,96.12972,925000,1295201874
Milan,Italy,45.46427,9.18951,1236837,39178298775
Faridabad,India,28.41124,77.31316,1220229,2319297570
Kolkata,India,22.56263,88.36304,4631392,8802918313
Jakarta,Indonesia,-6.21462,106.84513,8540121,33046753387
Denpasar,Indonesia,-8.65,115.21667,834881,3230645856
Batam,Indonesia,1.14937,104.02491,1164352,4505563024
Yibin,China,28.7593,104.63994,836340,8781900869
Tai’an,China,36.18528,117.12,1735425,18222649062
Sanmenxia,China,34.77472,111.18139,669307,7027988289
Rui’an,China,27.77605,120.65859,927383,9737888388
Ningbo,China,29.87819,121.54945,3491597,36663149832
Jiujiang,China,29.70475,116.00206,1164268,12225274603
Jiaozuo,China,35.23972,113.23306,865413,9087178871
Jiangmen,China,22.58333,113.08333,1480023,15540827021
Huizhou,China,23.11147,114.41523,2090578,21951896066
Changzhi,China,36.18389,113.10528,1214940,12757350650
Fuzhou,China,26.06139,119.30611,3102421,32576647867
Dazhou,China,31.21592,107.50092,1589435,16689696306
Harbin,China,45.75,126.65,5878939,61731185302
Raurkela,India,22.22496,84.86414,536450,1019634168
Dhanbad,India,23.79759,86.42992,1196214,2273652096
Bokāro,India,23.66934,86.15161,564319,1072604966
Tabriz,Iran,38.08,46.2919,1424641,3251816971
Mashhad,Iran,36.29807,59.60567,2307177,5266251163
Vienna,Austria,48.20849,16.37208,1691468,81744641536
Uberlândia,Brazil,-18.91861,-48.27722,563536,3830266586
Rio de Janeiro,Brazil,-22.90642,-43.18223,6023699,40942145672
Ribeirão Preto,Brazil,-21.1775,-47.81028,619746,4212317218
Curitiba,Brazil,-25.42778,-49.27306,1718421,11679840395
Visakhapatnam,India,17.68009,83.20161,1063178,2020789665
Oklahoma City,United States,35.46756,-97.51643,631346,40117983663
Bangkok,Thailand,13.75398,100.50144,5104476,36696291510
Kaohsiung,China,22.61626,120.31333,1519711,15957566722
Tripoli,Libya,32.88743,13.18733,1150989,4257771451
Sale,Morocco,34.0531,-6.79846,903485,2762810753
Nürnberg,Germany,49.45421,11.07752,515543,23822432355
Guayaquil,Ecuador,-2.19616,-79.88621,1952029,10932122940
Köln,Germany,50.93333,6.95,963395,44516969911
Duisburg,Germany,51.43247,6.76516,504358,23305591072
Berlin,Germany,52.52437,13.41053,3426354,158326437154
Ürümqi,China,43.80096,87.60046,3029372,31809604468
Zhuhai,China,22.27694,113.56778,1562530,16407183162
Qingdao,China,36.06488,120.38042,3718835,39049238730
La Plata,Argentina,-34.92145,-57.95453,694167,5860101891
Buenos Aires,Argentina,-34.61315,-58.37723,13076300,110389071162
Sofia,Bulgaria,42.69751,23.32415,1152556,11497645094
Nova Iguaçu,Brazil,-22.75917,-43.45111,1002118,6811240259
Dombivli,India,19.21667,73.08333,1193000,2267543224
Johor Bahru,Malaysia,1.4655,103.7578,802489,8347325276
Nanded,India,19.16023,77.31497,550564,1046460744
Gwalior,India,26.22983,78.17337,882458,1677293930
Gorakhpur,India,26.76628,83.36889,674246,1281543964
Kallakurichi,India,11.73379,78.95925,1682687,3198294640
Pasragad Branch,Iran,34.77772,48.47168,787878,1798372398
Jacksonville,United States,30.33218,-81.65565,868031,55157795372
Kalininskiy,Russian Federation,59.99675,30.3899,504641,5195090976
Sulţānah,Saudi Arabia,24.49258,39.58572,946697,19038376008
Davao,Philippines,7.07306,125.61278,1212504,3999844390
Sargodha,Pakistan,32.08586,72.67418,542603,647723322
Islamabad,Pakistan,33.72148,73.04329,601600,718150012
Surabaya,Indonesia,-7.24917,112.75083,2374658,9188949115
Cuauhtémoc,Mexico,19.44506,-99.14612,531831,4439035073
Zapopan,Mexico,20.72356,-103.38479,1142483,9535965574
Trujillo,Peru,-8.11599,-79.02998,747450,4579532375
Shangqiu,China,34.45,115.65,1536392,16132723821
Xuanzhou,China,30.9525,118.75528,774332,8130792338
Xinyu,China,27.80429,114.93335,839488,8814956115
Xinxiang,China,35.19033,113.80151,1047088,10994838245
Ankang,China,32.68,109.01722,870126,9136667236
Wuhu,China,31.33728,118.37351,1665000,17483158701
Wuhan,China,30.58333,114.26667,9785388,102750445256
Huai'an,China,33.58861,119.01917,2494013,26188123171
Nanchang,China,28.68396,115.85306,2357839,24758242299
Luancheng,China,37.87917,114.65167,597130,6270101234
Liuzhou,China,24.32405,109.40698,1436599,15084857841
Guangyuan,China,32.44201,105.823,516424,5422656306
Hengshui,China,37.73222,115.70111,522147,5482750070
Bijie,China,27.30193,105.28627,1137383,11942971467
Zhoushan,China,29.98869,122.20488,882932,9271135302
Hegang,China,47.35118,130.30012,743307,7805017564
E’zhou,China,30.39607,114.88655,668727,7021898059
Rizhao,China,35.41414,119.52908,661943,6950663375
Sarajevo,Bosnia and Herzegovina,43.84864,18.35644,696731,4202372649
Tegucigalpa,Honduras,14.0818,-87.20681,850848,2046912982
Maceió,Brazil,-9.66583,-35.73528,954991,6490925366
João Pessoa,Brazil,-7.115,-34.86306,650883,4423950566
Bekasi,Indonesia,-6.2349,106.9896,1520119,5882234890
Mersin,Turkey,36.81196,34.63886,537842,4592185923
Zarqa,Jordan,32.07275,36.08796,792665,3394798571
Riga,Latvia,56.946,24.10589,742572,13084083287
Rabat,Morocco,34.01325,-6.83255,1655753,5063207682
Blantyre,Malawi,-15.78499,35.00854,584877,365720154
Santa María Chimalhuacán,Mexico,19.42155,-98.95038,612383,5111378643
Oyo,Nigeria,7.85257,3.93125,736072,1543611051
Pasig City,Philippines,14.58691,121.0614,617301,2036370966
Gwangju,South Korea,35.15472,126.91556,1416938,44618134536
Ansan-si,South Korea,37.32361,126.82194,716785,22570930813
Casablanca,Morocco,33.58831,-7.61138,3144909,9616970289
Coyoacán,Mexico,19.3467,-99.16174,620416,5178427703
Nyala,Sudan,12.04888,24.88069,565734,336876399
Eskişehir,Turkey,39.77667,30.52056,514869,4396038566
Antalya,Turkey,36.90812,30.69556,758188,6473537323
Dnipro,Ukraine,48.46664,35.04066,998103,3518476262
El Paso,United States,31.75872,-106.48693,681124,43281055878
Bucharest,Romania,44.43225,26.10626,1877155,24207957236
London,United Kingdom,51.50853,-0.12574,8961989,361030486706
Bogor,Indonesia,-6.59444,106.78917,800000,3095670742
Santo Domingo Este,Dominican Republic,18.48847,-69.85707,700000,5087737837
Jabalpur,India,23.16697,79.95006,1030168,1958047333
Bilimora,India,20.76957,72.96134,510879,971031194
Accra,Ghana,5.55602,-0.1969,1963264,4571528236
Singapore,Singapore,1.28967,103.85007,3547809,212151003364
Konya,Turkey,37.87135,32.48464,875530,7475423157
Odessa,Ukraine,46.48572,30.74383,1013159,3571551124
Memphis,United States,35.14953,-90.04898,655770,41669972007
Fort Worth,United States,32.72541,-97.32085,833319,52952070699
Perm,Russian Federation,58.01046,56.25017,982419,10113637381
Makati City,Philippines,14.55027,121.03269,510383,1683666676
Poznań,Poland,52.40692,16.92993,570352,8929535133
Jeddah,Saudi Arabia,21.49012,39.18624,2867446,57665245725
Liverpool,United Kingdom,53.41058,-2.97794,864122,34810842351
South Tangerang,Indonesia,-6.28862,106.71789,1303569,5044275516
Tirunelveli,India,8.72742,77.6838,1435844,2729118468
Thāne,India,19.19704,72.96355,1261517,2397773952
Solāpur,India,17.67152,75.91044,997281,1895538788
Bucaramanga,Colombia,7.12539,-73.1198,571820,3049386557
Boumerdas,Algeria,36.76639,3.47717,786499,2603615698
Asmara,Eritrea,15.33805,38.93184,563930,362329682
Barcelona,Spain,41.38879,2.15899,1621537,43883970276
Leicester,United Kingdom,52.6386,-1.13169,508916,20501497064
Santiago de Querétaro,Mexico,20.58806,-100.38806,626495,5229167307
Niamey,Niger,13.51366,2.1098,774235,437490261
Sokoto,Nigeria,13.06269,5.24322,563861,1182468659
Abuja,Nigeria,9.05785,7.49508,590400,1238123396
Aba,Nigeria,5.10658,7.36667,897560,1882266320
Niigata,Japan,37.88637,139.00589,797591,31535854252
Marrakesh,Morocco,31.63416,-7.99994,839296,2566524086
Najafgarh,India,28.60922,76.97982,1365000,2594464795
Delhi,India,28.65195,77.23149,10927986,20770897407
Borivli,India,19.23496,72.85976,609617,1158703183
Zhabei,China,31.25861,121.45972,840000,8820332317
Mianyang,China,31.46784,104.68168,1355331,14231511691
Liaocheng,China,36.45064,116.00247,1229768,12913050516
Guilin,China,25.28022,110.29639,1572300,16509772027
Chaozhou,China,23.65396,116.62262,1750945,18385615202
Panzhihua,China,26.58509,101.71276,787177,8265669920
Belo Horizonte,Brazil,-19.92083,-43.93778,2373224,16130434592
Izhevsk,Russian Federation,56.84976,53.20448,631038,6496300973
Da Nang,Vietnam,16.06778,108.22083,988561,2753858258
San Jose,United States,37.33939,-121.89496,1026908,65253408380
The Bronx,United States,40.84985,-73.86641,1385108,88014717944
Bahçelievler,Turkey,41.00231,28.8598,576799,4924807376
Kharkiv,Ukraine,49.98081,36.25272,1430885,5044103570
Saratov,Russian Federation,51.54056,46.00861,863725,8891726898
Multan,Pakistan,30.19679,71.47824,1437230,1715669450
Hermosillo,Mexico,29.1026,-110.97732,715061,5968401350
Petaling Jaya,Malaysia,3.10726,101.60671,520698,5416193339
Zaria,Nigeria,11.11128,7.7227,975153,2044986016
Ecatepec de Morelos,Mexico,19.60492,-99.06064,1655015,13813917638
Cancún,Mexico,21.17429,-86.84656,628306,5244283185
Arequipa,Peru,-16.39889,-71.535,841130,5153497982
Montevideo,Uruguay,-34.90328,-56.18816,1270737,19618160925
Valencia,Venezuela,10.16202,-68.00765,1619470,27471093396
San Miguel de Tucumán,Argentina,-26.82414,-65.2226,781023,6593333246
Valencia,Spain,39.46975,-0.37739,814208,22035068994
Zaozhuang,China,34.86472,117.55417,899753,9447762457
Xiamen,China,24.47979,118.08187,3531347,37080540557
Shenzhen,China,22.54554,114.0683,10358381,108767098441
Pingxiang,China,27.61672,113.85353,893550,9382628503
Maoming,China,21.65,110.9,2539148,26662058527
Dezhou,China,37.44661,116.36706,679535,7135386335
Changsha,China,28.19874,112.97087,3093980,32488014028
Anshun,China,26.25,105.93333,765313,8036089270
Siping,China,43.16143,124.37785,555609,5834114308
Shuangyashan,China,46.67686,131.13273,600000,6300237370
Jiamusi,China,46.79927,130.31633,549549,5770481910
Brussels,Belgium,50.85045,4.34878,1019022,45442652368
Cotonou,Benin,6.36536,2.41833,780000,1007011950
São Bernardo do Campo,Brazil,-23.69389,-46.565,743372,5052583921
Porto Alegre,Brazil,-30.03283,-51.23019,1372741,9330307174
Feira de Santana,Brazil,-12.26667,-38.96667,619609,4211386050
Minsk,Belarus,53.9,27.56667,1742124,11169153843
Lubumbashi,Congo,-11.66089,27.47938,1373770,764933250
Sakai,Japan,34.58333,135.46667,782339,30932807266
Nagoya,Japan,35.18147,136.90641,2191279,86640715818
Al Aḩmadī,Kuwait,29.07694,48.08389,637411,20328306386
Beirut,Lebanon,33.89332,35.50157,1916100,9371647917
Lilongwe,Malawi,-13.96692,33.78725,646750,404408978
Durgapur,India,23.51583,87.30801,518872,986223544
Isfahan,Iran,32.65246,51.67462,1547164,3531482073
Conakry,Guinea,9.53795,-13.67729,1767200,2110103714
Srinagar,India,34.08565,74.80555,975857,1854818045
Narela,India,28.85267,77.09288,800000,1520565448
Chennai,India,13.08784,80.27847,4681087,8897373938
Tehran,Iran,35.69439,51.42151,7153309,16327798796
Ziyang,China,30.12108,104.64811,905729,9510512821
Yinchuan,China,38.46806,106.27306,1487579,15620168010
Zhangjiagang,China,31.865,120.53889,762625,8007864207
Shanghai,China,31.22222,121.45806,22315474,234321305358
Jieyang,China,23.5418,116.36581,1899394,19944388431
Longyan,China,25.07485,117.01775,1025087,10763819041
Dandong,China,40.12917,124.39472,631973,6635966519
Jaboatão,Brazil,-8.18028,-35.00139,702621,4775605709
Vijayawada,India,16.50745,80.6466,874587,1662333467
Teni,India,10.01115,77.47772,1034724,1966706953
Austin,United States,30.26715,-97.74306,931830,59211812091
Detroit,United States,42.33143,-83.04575,677116,43026373218
Rome,Italy,41.89193,12.51133,2318895,73453786666
Budapest,Hungary,47.49835,19.04045,1741041,27681069020
Lviv,Ukraine,49.83826,24.02324,717803,2530372934
Kyiv,Ukraine,50.45466,30.5238,2797553,9861831717
Port Said,Egypt,31.26531,32.3019,538378,1910095611
Frankfurt am Main,Germany,50.11552,8.68417,650000,30035479157
Guadalajara,Mexico,20.66682,-103.39182,1495182,12479839156
Onitsha,Nigeria,6.14978,6.78569,561066,1176607285
Kobe,Japan,34.6913,135.183,1528478,60434307102
Phnom Penh,Cambodia,11.56245,104.91601,1573544,2380343679
Nouakchott,Mauritania,18.08581,-15.9785,661400,1106471626
Pyongyang,North Korea,39.03385,125.75432,3222000,3577745811
Colombo,Sri Lanka,6.93548,79.84868,648034,2386086088
Puebla,Mexico,19.03793,-98.20346,1434062,11969688707
Tlalpan,Mexico,19.29513,-99.16206,574577,4795823213
Aden,Yemen,12.77944,45.03667,550602,433568058
Zaporizhzhya,Ukraine,47.85167,35.11714,738728,2604136980
Kano,Nigeria,12.00012,8.51672,3626068,7604199909
Antipolo,Philippines,14.62578,121.12251,549543,1812848853
Bahawalpur,Pakistan,29.39779,71.6752,552607,659665431
Bandar Lampung,Indonesia,-5.42917,105.26111,800348,3097017358
Siliguri,India,26.71004,88.42851,515574,979955013
Baghdad,Iraq,33.34058,44.40088,7216000,30000408114
Al Başrah al Qadīmah,Iraq,30.50316,47.81507,2015483,8379339322
New Kingston,Jamaica,18.00747,-76.78319,583958,2723889114
Bouaké,Ivory Coast,7.69385,-5.03031,567481,1319804014
Abobo,Ivory Coast,5.41613,-4.0159,900000,2093151335
Shihezi,China,44.3023,86.03694,572772,6014332598
Yunfu,China,22.92833,112.03954,2612800,27435433665
Xiangtan,China,27.85,112.9,959303,10073061016
Wenchang,China,19.6157,110.74894,560894,5889608899
Qionghai,China,19.2425,110.46417,528238,5546707979
Chuzhou,China,32.32194,118.29778,782671,8218355137
Sydney,Australia,-33.86785,151.20732,4627345,239752711924
Khulna,Bangladesh,22.80979,89.56439,1342339,2642786586
Anyang,China,36.096,114.38278,1146839,12042263208
Qinhuangdao,China,39.93167,119.58833,759718,7977339557
Nanyang,China,32.99472,112.53278,1811812,19024742782
Meizhou,China,24.28859,116.11768,992351,10420078090
Jinhua,China,29.10678,119.64421,1463990,15372474178
Yangjiang,China,21.85563,111.96272,1292987,13576875026
Dongguan,China,23.01797,113.74866,7271322,76351757651
Beijing,China,39.9075,116.39723,11716620,123029145282
Saint Petersburg,Russian Federation,59.93863,30.31413,5028000,51761385676
Johannesburg,South Africa,-26.20227,28.04363,2026469,10316176185
Astrakhan,Russian Federation,46.34968,48.04076,502533,5173389902
Paris,France,48.85341,2.3488,2138551,83468416203
Wanzhou,China,30.76451,108.39586,723215,7594043615
Semarang,Indonesia,-6.99306,110.42083,1288084,4984354939
Shiyan,China,32.6475,110.77806,3460000,36331368831
Quzhou,China,28.95944,118.86861,902767,9479410649
Pingliang,China,35.53917,106.68611,504848,5301103726
Puning,China,23.31072,116.16869,874954,9187363146
Jining,China,35.405,116.58139,1241012,13031116964
Huzhou,China,30.8703,120.0933,1015937,10667740421
Chizhou,China,30.66134,117.47783,615274,6460620412
Chengdu,China,30.66667,104.06667,7415590,77866628726
Cangzhou,China,38.31667,116.86667,527681,5540859259
Santo André,Brazil,-23.66389,-46.53833,662373,4502046310
Guwahati,India,26.1844,91.7458,899094,1708914088
Allahābād,India,25.44478,81.84322,1073438,2040290916
Alīgarh,India,27.88145,78.07464,753207,1431625674
Kermanshah,Iran,34.31417,47.065,621100,1417692963
Helsinki,Finland,60.16952,24.93545,558457,27237780282
Kalyān,India,19.2437,73.13554,1262255,2399176674
Jaipur,India,26.91962,75.78781,2711758,5154256897
Guntur,India,16.29974,80.45729,530577,1008471317
Bhilai,India,21.20919,81.4285,625138,1188204054
Bhavnagar,India,21.76287,72.15331,605882,1151604043
Amrāvati,India,20.93333,77.75,603837,1147717098
Shiraz,Iran,29.61031,52.53113,1249942,2853057443
Abeokuta,Nigeria,7.15571,3.34509,593100,1243785546
Krasnoyarsk,Russian Federation,56.01839,92.86717,927200,9545178361
Lomé,Togo,6.12874,1.22154,749700,685938452
Kryvyy Rih,Ukraine,47.90572,33.39404,624579,2201743092
Houston,United States,29.76328,-95.36327,2296224,145910288364
Seattle,United States,47.60621,-122.33207,684451,43492465361
Barquisimeto,Venezuela,10.0647,-69.35703,1114097,18898443775
Amman,Jordan,31.95522,35.94503,1275857,5464196754
Hachiōji,Japan,35.65583,139.32389,561344,22194912642
Fukuoka,Japan,33.6,130.41667,1392289,55049546674
Goyang-si,South Korea,37.65639,126.835,1073069,33790001404
Monrovia,Liberia,6.30054,-10.7969,939524,547997786
Meknès,Morocco,33.89352,-5.54727,545705,1668737878
Antananarivo,Madagascar,-18.91368,47.53613,1391433,689441695
Tuxtla,Mexico,16.75973,-93.11308,537102,4483030541
Mysore,India,12.29791,76.63925,868313,1650408432
Coimbatore,India,11.00555,76.96612,2136916,4061650793
Chandīgarh,India,30.73629,76.7884,960787,1826174394
Amritsar,India,31.62234,74.87534,1092450,2076427154
Arāk,Iran,34.09493,49.69809,503647,1149600399
Zhaoqing,China,23.04893,112.46091,1553109,16308258935
Xianning,China,29.84347,114.32201,512517,5381631260
Wuxi,China,31.56887,120.28857,3543719,37210451452
Taizhou,China,32.49069,119.90812,1607108,16875269798
Suqian,China,33.94917,118.29583,1437685,15096261271
Meishan,China,30.04392,103.83696,1107742,11631729240
Changzhou,China,31.77359,119.95401,3290918,34555940940
Tonghua,China,41.71972,125.92639,510000,5355201764
Hezhou,China,24.40357,111.56675,1005490,10558042788
Gold Coast,Australia,-28.00029,153.43088,591473,30645490185
Ouagadougou,Burkina Faso,12.36566,-1.53388,1086505,902804324
Santa Cruz de la Sierra,Bolivia,-17.78629,-63.18117,1831434,5756280382
Duque de Caxias,Brazil,-22.78556,-43.31167,818329,5562054997
Omdurman,Sudan,15.64453,32.47773,1200000,714561400
Khartoum,Sudan,15.55177,32.53241,1974647,1175838770
Hiroshima,Japan,34.4,132.45,1143841,45226191198
Saitama,Japan,35.90807,139.65657,1193350,47183721571
Mandalay,Myanmar,21.97473,96.08359,1208099,1691602258
Macau,China,22.20056,113.54611,520400,5464405879
Caracas,Venezuela,10.48801,-66.87919,3000000,50889044063
Biên Hòa,Vietnam,10.94469,106.82432,830829,2314460416
Durban,South Africa,-29.8579,31.0292,3120282,15884466458
Nizhniy Novgorod,Russian Federation,56.32867,44.00205,1284164,13219989673
Moscow,Russian Federation,55.75222,37.61556,10381222,106870810606
Gujranwala,Pakistan,32.15567,74.18705,1384471,1652689270
Lagos,Nigeria,6.45407,3.39467,9000000,18873832256
Ilorin,Nigeria,8.49664,4.54214,814192,1707435915
Djibouti,Djibouti,11.58901,43.14503,623891,2137140773
Queens,United States,40.68149,-73.83652,2272771,144420000834
Baoshan,China,25.11626,99.16366,935618,9824359145
Wuzhou,China,23.48054,111.28848,761948,8000755439
Qinzhou,China,21.98247,108.65061,1296300,13611662837
Hefei,China,31.86389,117.28083,3310268,34759123595
Handan,China,36.60999,114.48764,1358318,14262876372
Jiangyin,China,31.91102,120.26302,1013670,10643936024
Córdoba,Argentina,-31.4135,-64.18105,1428214,12056867530
Sorocaba,Brazil,-23.50167,-47.45806,558862,3798498135
Pointe-Noire,Congo,-4.77609,11.86352,659084,366986661
Brazzaville,Congo,-4.26613,15.28318,1284609,715287229
San Salvador,El Salvador,13.68935,-89.18718,525990,1998044824
Ciudad Guayana,Venezuela,8.35122,-62.64102,950052,16115746030
Barcelona,Venezuela,10.13625,-64.68618,506016,8583556840
Ho Chi Minh City,Vietnam,10.82302,106.62965,8993082,25052245772
Al Ḩudaydah,Yemen,14.79781,42.95452,617871,486538606
Soweto,South Africa,-26.26781,27.85849,1695047,8629001230
Benoni,South Africa,-26.18848,28.32078,605344,3081633796
Khabarovsk Vtoroy,Russian Federation,48.43776,135.13329,578303,5953413807
Kozhikode,India,11.24802,75.7804,550440,1046225056
Āsansol,India,23.68333,86.98333,504271,958471324
Kerman,Iran,30.28321,57.07879,577514,1318205658
Caloocan City,Philippines,14.64953,120.96788,1500000,4948244777
Wrocław,Poland,51.1,17.03333,634893,9940000823
Tiruppur,India,11.11541,77.35456,963173,1830709480
Ryazan’,Russian Federation,54.6269,39.6916,520173,5354987126
Chisinau,Moldova,47.00556,28.8575,635994,2894491803
Oslo,Norway,59.91273,10.74609,580000,39086148987
Kota,India,25.18254,75.83907,763088,1450406558
Mosul,Iraq,36.335,43.11889,1739800,7233191524
Basrah,Iraq,30.50852,47.7804,2600000,10809459686
Qom,Iran,34.6401,50.8764,900000,2054296678
Bristol,United Kingdom,51.45523,-2.59665,617280,24866901626
Harare,Zimbabwe,-17.82772,31.05337,1542813,1740618152
Essen,Germany,51.45657,7.01228,593085,27405526393
Bremen,Germany,53.07582,8.80717,546501,25252952915
Linyi,China,35.06306,118.34278,2303648,24189215360
Leshan,China,29.56227,103.76386,662814,6959809220
Hohhot,China,40.81056,111.65222,774477,8132314895
Kabul,Afghanistan,34.52813,69.17233,3043532,1548574676
Belém,Brazil,-1.45583,-48.50444,1407737,9568169545
Osasco,Brazil,-23.5325,-46.79167,677856,4607281854
Busan,South Korea,35.10168,129.03004,3678555,115834469744
Seongnam-si,South Korea,37.43861,127.13778,1031935,32494727831
Naucalpan de Juárez,Mexico,19.47851,-99.23963,792211,6612349438
Situbondo,Indonesia,-7.70623,114.00976,600000,2321753056
Padang,Indonesia,-0.94924,100.35427,840352,3251816374
Baltimore,United States,39.29038,-76.61219,621849,39514510304
San Antonio,United States,29.42412,-98.49363,1469845,93399210095
N'Djamena,Chad,12.10672,15.0444,721081,443079174
Kayseri,Turkey,38.73222,35.48528,592840,5061768145
Saltillo,Mexico,25.42321,-101.0053,709671,5923412624
Samara,Russian Federation,53.20007,50.15,1134730,11681622348
Naberezhnyye Chelny,Russian Federation,55.72545,52.41122,509870,5248921582
Rahim Yar Khan,Pakistan,28.41987,70.30345,788915,941754183
Agadir,Morocco,30.42018,-9.59815,698310,2135396135
Ulan Bator,Mongolia,47.90771,106.88324,844818,3385446678
Kota Bharu,Malaysia,6.12361,102.24333,1459994,15186556849
Muscat,Oman,23.58413,58.40778,797000,11913202187
Nashik,India,19.99727,73.79096,1289497,2450955729
Lucknow,India,26.83928,80.92313,2472011,4698568141
Karol Bāgh,India,28.65136,77.19072,505241,960315009
Rasht,Iran,37.27611,49.58862,594590,1357182513
Orūmīyeh,Iran,37.55274,45.07605,577307,1317733169
Zahedan,Iran,29.4963,60.8629,551980,1259922978
Libreville,Gabon,0.39241,9.45356,578156,4050491035
Santiago de los Caballeros,Dominican Republic,19.4517,-70.69703,1200000,8721836292
Algiers,Algeria,36.73225,3.08746,1977663,6546828963
Alexandria,Egypt,31.20176,29.91582,3811516,13522766504
Kowloon,China,22.31667,114.18333,2019533,21205895459
Glasgow,United Kingdom,55.86515,-4.25763,591620,23833197803
Cartagena,Colombia,10.39972,-75.51444,952024,5076928382
Xuchang,China,34.03189,113.86299,1265536,13288628666
Xi’an,China,34.25833,108.92861,6501190,68265066975
Changde,China,29.03205,111.69844,1457419,15303476078
Shaoguan,China,24.8,113.58333,1028460,10799236875
Jilin,China,43.85083,126.56028,1881977,19761503040
Brisbane,Australia,-27.46794,153.02809,2189878,113462296259
Natal,Brazil,-5.795,-35.20944,763043,5186284650
Guarulhos,Brazil,-23.46278,-46.53333,1169577,7949433049
Manaus,Brazil,-3.10194,-60.025,1598210,10862784916
Jaboatão dos Guararapes,Brazil,-8.11278,-35.01472,630008,4282066436
Edmonton,Canada,53.55014,-113.46871,712391,30816735487
Copenhagen,Denmark,55.67594,12.56553,1153615,70443557784
Xinyang,China,32.12278,114.06556,1230042,12915927624
Weinan,China,34.50355,109.50891,1199290,12593019458
Wanning,China,18.79931,110.3841,545992,5733132003
Shijiazhuang,China,38.04139,114.47861,3938513,41355944639
Laiwu,China,36.19278,117.65694,989535,10390508976
Hengyang,China,26.88946,112.61888,1075516,11293343491
Changchun,China,43.88,125.32278,4193073,44028925347
Puyang,China,35.76318,115.01721,655674,6884836395
Touba,Senegal,14.85,-15.88333,529176,787285462
Damascus,Syrian Arab Republic,33.5102,36.29128,1569394,3623371054
Tunis,Tunisia,36.81897,10.16579,693210,2301331745
Rostov-na-Donu,Russian Federation,47.23135,39.72328,1074482,11061391647
Ipoh,Malaysia,4.5841,101.0829,673318,7003715142
Maiduguri,Nigeria,11.84692,13.15712,1112449,2332908424
Las Piñas,Philippines,14.45056,120.98278,590000,1946309612
Kathmandu,Nepal,27.70169,85.3206,1442271,1666029040
Haiphong,Vietnam,20.86481,106.68345,841520,2344242592
Port Elizabeth,South Africa,-33.96109,25.61494,967677,4926167843
Cape Town,South Africa,-33.92584,18.42322,3433441,17478669685
Charlotte,United States,35.22709,-80.84313,827097,52556702558
Volgograd,Russian Federation,48.71939,44.50183,1011417,10412160982
Ulyanovsk,Russian Federation,54.32824,48.38657,640680,6595561769
Khabarovsk,Russian Federation,48.48271,135.08379,579000,5960589162
Irkutsk,Russian Federation,52.29778,104.29639,586695,6039806318
Yangon,Myanmar,16.80528,96.15611,4477638,6269670408
Manhattan,United States,40.78343,-73.96625,1487536,94523359530
Reynosa,Mexico,26.08061,-98.28835,589466,4920097264
Tangerang,Indonesia,-6.17806,106.63,1372124,5309555151
Varanasi,India,25.31668,83.01041,1164404,2213190612
Puducherry,India,11.93381,79.82979,657209,1249161622
Bhopāl,India,23.25469,77.40289,1599914,3040967435
Agra,India,27.18333,78.01667,1430055,2718115277
Kirkuk,Iraq,35.46806,44.39222,601433,2500448372
Al Mawşil al Jadīdah,Iraq,36.33271,43.10555,2065597,8587687500
Vadodara,India,22.29941,73.20812,1822221,3463507864
Sāngli,India,16.85438,74.56417,601214,1142731544
Aleppo,Syrian Arab Republic,36.20124,37.16117,1602264,3699260350
Maracay,Venezuela,10.23535,-67.59113,1754256,29757470294
Krasnodar,Russian Federation,45.04484,38.97603,649851,6689973795
Budta,Philippines,7.20417,124.43972,1273715,4201769064
Łódź,Poland,51.77058,19.47395,768755,12035768755
Columbus,United States,39.96118,-82.99879,850106,54018776740
Guatemala City,Guatemala,14.64072,-90.51327,994938,4580037512
Warangal,India,18.0,79.58333,557802,1060218060
Tiruchirappalli,India,10.8155,78.69651,1022518,1943506926
Addis Ababa,Ethiopia,9.02497,38.74689,2757729,2582173243
Nowrangapur,India,19.23114,82.54826,1220946,2320660376
Gorakhpur,India,29.44768,75.67206,1324570,2517619219
Aurangabad,India,19.87757,75.34226,1016441,1931956330
Ajmer,India,26.4521,74.63867,517911,984396965
Rohini,India,28.74322,77.06778,860000,1634607856
Yokohama,Japan,35.43333,139.65,3574443,141329470218
Tokyo,Japan,35.6895,139.69171,8336599,329619781345
Mombasa,Kenya,-4.05466,39.66359,799668,1469957689
Ulsan,South Korea,35.53722,129.31667,962865,30319774126
Ra’s Bayrūt,Lebanon,33.9,35.48333,1251739,6122257289
Umraniye,Turkey,41.01643,29.12476,573265,4894633486
Abidjan,Ivory Coast,5.35444,-4.00167,3677115,8551953522
Yongzhou,China,26.42389,111.61306,1020715,10717911311
Quanzhou,China,24.91389,118.58583,1435185,15070010282
Nanchong,China,30.79508,106.08473,1858875,19518922901
Lu’an,China,31.73561,116.51688,1644344,17266262529
Jiaxing,China,30.7522,120.75,762643,8008053214
Huaihua,China,27.56337,110.00404,552622,5802749626
Fuyang,China,32.9,115.81667,1768947,18574643324
Changzhi,China,35.20889,111.73861,699514,7345173739
Anqing,China,30.51365,117.04723,804493,8447494770
Yingkou,China,40.66482,122.22833,591159,6207403372
Panshan,China,41.18806,122.04944,625040,6563167276
Baoji,China,34.36775,107.23705,1437802,15097489817
Baku,Azerbaijan,40.37767,49.89201,1116513,4705333393
Yaoundé,Cameroon,3.86667,11.51667,1299369,1948238591
Zhangzhou,China,24.51333,117.65556,589831,6193458847
Yangquan,China,37.8575,113.56333,731228,7678183285
Sanya,China,18.24306,109.505,1031396,10830066037
Qingyuan,China,23.7,113.03333,1738424,18254139748
Ji’an,China,27.11716,114.97927,538699,5656552618
Haikou,China,20.04583,110.34167,2873358,30171395746
Foshan,China,23.02677,113.13148,7197394,75575484404
Beihai,China,21.48349,109.11549,525329,5516162329
Ordos,China,39.6086,109.78157,1940653,20377624253
Hamilton,Canada,43.25011,-79.84963,519949,22492045519
Voronezh,Russian Federation,51.67204,39.1843,848752,8737585445
Santo Domingo,Dominican Republic,18.47186,-69.89232,2201941,16004140771
Monterrey,Mexico,25.67507,-100.31847,1135512,9477780712
Battagram,Pakistan,34.67719,73.02329,700000,835613378
Turin,Italy,45.07049,7.68682,870456,27572740174
Vladivostok,Russian Federation,43.10562,131.87353,587022,6043172662
Las Vegas,United States,36.17497,-115.13722,623747,39635116015
Okayama,Japan,34.65,133.93333,639652,25291123200
Daejeon,South Korea,36.34913,127.38493,1475221,46453415075
Mérida,Mexico,20.97537,-89.61696,777615,6490520970
Medan,Indonesia,3.58333,98.66667,1750971,6775537118
Sharjah,United Arab Emirates,25.33737,55.41206,1324473,56397270388
Perth,Australia,-31.95224,115.8614,1896548,98264237115
Raipur,India,21.23333,81.63333,679995,1292471127
Morādābād,India,28.83893,78.77684,721139,1370673808
Bengaluru,India,12.97194,77.59369,8443675,16048950572
Shivaji Nagar,India,18.53017,73.85263,1000000,1900706810
Adana,Turkey,36.98615,35.32531,1248988,10664070698
Taipei,China,25.04776,121.53185,7871900,82658064249
Bayan Nur,China,40.74143,107.38599,1760000,18480696284
Barranquilla,Colombia,10.96854,-74.78132,1380425,7361493892
Prague,Czech Republic,50.08804,14.42076,1165581,26729365711
Stuttgart,Germany,48.78232,9.17702,589793,27253408243
Oran,Algeria,35.69906,-0.63588,645984,2138456734
Zaragoza,Spain,41.65606,-0.87734,674317,18249171733
Dortmund,Germany,51.51494,7.466,588462,27191904824
Zigong,China,29.34162,104.77689,1262064,13252171293
Kunshan,China,31.37762,120.95431,1118617,11745921043
Yichang,China,30.71444,111.28472,1350150,14177109141
Sanming,China,26.24861,117.61861,602166,6322981226
Guang’an,China,30.47413,106.63696,858159,9011009001
Nantong,China,32.03028,120.87472,2273326,23870822364
Ma’anshan,China,31.68579,118.51008,741531,7786368862
Jingzhou,China,30.35028,112.19028,1052282,11049377300
Fuzhou,China,27.95999,116.33333,1089888,11444255177
Dongying,China,37.46271,118.49165,998968,10489559208
Fushun,China,41.88669,123.94363,1400646,14707337118
Changshu,China,31.64615,120.74221,1047700,11001264487
Rājshāhi,Bangladesh,24.374,88.60114,700133,1378416407
Cochabamba,Bolivia,-17.3895,-66.1568,841276,2644168741
Recife,Brazil,-8.05389,-34.88111,1478098,10046402324
Contagem,Brazil,-19.93167,-44.05361,627123,4262457540
Campinas,Brazil,-22.90556,-47.06083,1031554,7011312175
Nashville,United States,36.16589,-86.78444,530852,33732235356
Ashgabat,Turkmenistan,37.95,58.38333,727700,5457451505
Tainan,China,22.99083,120.21333,771235,8098272613
Maracaibo,Venezuela,10.66663,-71.61245,2225000,37742707680
Lusaka,Zambia,-15.40669,28.28713,1267440,1331977136
Kitakyushu,Japan,33.85181,130.85034,997536,39441455467
Anyang-si,South Korea,37.3925,126.92694,595644,18756307000
Surakarta,Indonesia,-7.55611,110.83167,555308,2148813410
Banjarmasin,Indonesia,-3.31987,114.59075,572837,2216643426
Tbilisi,Georgia,41.69411,44.83368,1049498,4490655821
Erode,India,11.3428,77.72741,521891,991961778
Mumbai,India,19.07283,72.88261,12691836,24123459113
Kahrīz,Iran,34.3838,47.0553,766706,1750046210
Palermo,Italy,38.13205,13.33561,648260,20534414773
Quetta,Pakistan,30.18414,67.00141,733675,875812350
Chiclayo,Peru,-6.77137,-79.84088,577375,3537504187
San Luis Potosí,Mexico,22.14982,-100.97916,722772,6032762772
Culiacán,Mexico,24.79032,-107.38782,675773,5640476107
Kaduna,Nigeria,10.52641,7.43879,1582102,3317814196
Ebute Ikorodu,Nigeria,6.60086,3.48818,535619,1123242573
Benin City,Nigeria,6.33815,5.62575,1125058,2359350663
General Santos,Philippines,6.11278,125.17167,679588,2241845181
Osaka,Japan,34.69374,135.50218,2592413,102501104613
Honchō,Japan,35.70129,139.98648,560743,22171149776
Chiba,Japan,35.6,140.11667,919729,36365053888
Sapporo,Japan,43.06667,141.35,1883027,74452777207
Pohang,South Korea,36.02917,129.36481,500000,15744561349
Kimhae,South Korea,35.23417,128.88111,550758,17342886239
Cheonan,South Korea,36.8065,127.1522,666417,20984886681
Hong Kong,China,22.27832,114.17469,7482500,78569210196
Pekanbaru,Indonesia,0.51667,101.44167,703956,2724019991
Malang,Indonesia,-7.9797,112.6304,746716,2889483592
Jerusalem,Israel,31.76904,35.21633,801000,34932023503
Munich,Germany,48.13743,11.57549,1260391,58240688630
Patna,India,25.59408,85.13563,1599920,3040978839
Kanpur,India,26.46523,80.34975,2823249,5366168600
Indore,India,22.71792,75.8333,1837041,3491676338
Santiago,Chile,-33.45694,-70.64827,4837295,64005656602
Zunyi,China,27.68667,106.90722,2037775,21397443676
Zhoukou,China,33.63333,114.63333,505171,5304495354
Zhanjiang,China,21.28145,110.34271,1611868,16925251681
Wenzhou,China,27.99942,120.66682,2686825,28212725451
Luohe,China,33.56394,114.04272,1294974,13597739312
Kunming,China,25.03889,102.71833,3855346,40482658236
Cixi,China,30.1764,121.2457,1059942,11129810330
Hanzhong,China,33.07507,107.02214,1006557,10569246710
Guangzhou,China,23.11667,113.25,11071424,116254332032
Goiânia,Brazil,-16.67861,-49.25389,1171195,7960430344
Mbuji-Mayi,Congo,-6.13603,23.58979,874761,487078459
Phoenix,United States,33.44838,-112.07404,1563025,99320200673
Diyarbakır,Turkey,37.91363,40.21721,644763,5505095498
Yaroslavl,Russian Federation,57.62987,39.87368,606730,6246059175
Orenburg,Russian Federation,51.7727,55.0988,550204,5664145076
Kazan,Russian Federation,55.78874,49.12214,1104738,11372865889
Tyumen,Russian Federation,57.15222,65.52722,519119,5344136589
Kigali,Rwanda,-1.94995,30.05885,1132686,903719816
Cali,Colombia,3.43722,-76.5225,2392877,12760671112
Leipzig,Germany,51.33962,12.37129,504971,23333916839
Hannover,Germany,52.37052,9.73322,515140,23803810358
Düsseldorf,Germany,51.22172,6.77616,573057,26480063968
Douala,Cameroon,4.04827,9.70428,1338082,2006283812
Zibo,China,36.79056,118.06333,3129228,32858131973
Tianshui,China,34.57952,105.74238,1212791,12734785299
Laibin,China,23.74743,109.22222,910282,9558321122
Deyang,China,31.13019,104.38198,735070,7718525805
Baoding,China,38.85111,115.49028,2739887,28769897443
Meerut,India,28.98002,77.70636,1223184,2324914158
Hubli,India,15.34776,75.13378,840214,1597000471
Āzādshahr,Iran,34.79049,48.57011,514102,1173464479
Dubai,United Arab Emirates,25.07725,55.30927,2956587,125894175618
Teresina,Brazil,-5.08917,-42.80194,744512,5060332324
Camayenne,Guinea,9.535,-13.68778,1871242,2234333802
Sheffield,United Kingdom,53.38297,-1.4659,685368,27609802089
Shizuoka,Japan,34.98333,138.38333,701561,27738935676
Hamhŭng,North Korea,39.91833,127.53639,559056,620782204
Seoul,South Korea,37.566,126.9784,10349312,325890755401
Benghazi,Libya,32.11486,20.06859,650629,2406825418
Matola,Mozambique,-25.96222,32.45889,675422,302999344
Enugu,Nigeria,6.44132,7.49883,688862,1444607315
Zagreb,Croatia,45.81444,15.97798,698966,9665630016
Penza,Russian Federation,53.20066,45.00464,512602,5277046504
Dallas,United States,32.78306,-96.80667,1300092,82612497134
South Boston,United States,42.33343,-71.04949,571281,36301238663
Riyadh,Saudi Arabia,24.68773,46.72185,4205961,84583205603
San Francisco,United States,37.77493,-122.41942,864816,54953502769
Albuquerque,United States,35.08449,-106.65114,559121,35528548757
Malingao,Philippines,7.16083,124.475,1121974,3701201324
Hyderabad,Pakistan,25.39242,68.37366,1386330,1654908420
Warsaw,Poland,52.22977,21.01178,1702139,26648999217
Kuching,Malaysia,1.55,110.33333,570407,5933256118
Kawasaki,Japan,35.52056,139.71722,1306785,51668814341
Sendai,Japan,38.26667,140.86667,1063103,42033901164
Jeonju,South Korea,35.82194,127.14889,711424,22402117626
Almaty,Kazakhstan,43.25667,76.92861,2000900,18119640189
Adelaide,Australia,-34.92866,138.59863,1225235,63482064552
Chattogram,Bangladesh,22.3384,91.83168,3920222,7718102593
Yulin,China,22.6305,110.14686,1056743,11096219564
Nanjing,China,32.06167,118.77778,7165292,75238400704
Kaifeng,China,34.7986,114.30742,1451741,15243854832
Heze,China,35.23929,115.47358,1346717,14141061283
Zhongshan,China,22.52306,113.37912,2740994,28781521381
La Paz,Bolivia,-16.5,-68.15,2004652,6300712436
São José dos Campos,Brazil,-23.17944,-45.88694,613764,4171658494
Cuiabá,Brazil,-15.59611,-56.09667,521934,3547504259
Calgary,Canada,51.05011,-114.08529,1019942,44120830872
Ottawa,Canada,45.41117,-75.69812,812129,35131219476
Toronto,Canada,43.70011,-79.4163,2600000,112471258432
Kisangani,Congo,0.51528,25.19099,539158,300210283
Pimpri,India,18.62292,73.80696,1284606,2441659372
Hāora,India,22.57688,88.31857,1027672,1953303169
Navi Mumbai,India,19.03681,73.01582,2600000,4941837705
Philadelphia,United States,39.95233,-75.16379,1567442,99600872656
New South Memphis,United States,35.08676,-90.05676,641608,40770067858
Göteborg,Sweden,57.70716,11.96679,572799,29934073277
Bursa,Turkey,40.19559,29.06013,1412701,12061879969
Dar es Salaam,Tanzania,-6.82349,39.26951,2698652,2819526431
Novosibirsk,Russian Federation,55.0415,82.9346,1419007,14608148091
Birmingham,United Kingdom,52.48142,-1.89983,984333,39653499025
Üsküdar,Turkey,41.02274,29.01366,582666,4974900813
Bağcılar,Turkey,41.03903,28.85671,749024,6395293542
Portland,United States,45.52345,-122.67621,632309,40179176128
Bulawayo,Zimbabwe,-20.15,28.58333,699385,789053648
Yichun,China,27.83333,114.4,1045952,10982909795
Taiyuan,China,37.86944,112.56028,4529141,47557772300
Suining,China,30.50802,105.57332,656760,6896239825
Guankou,China,28.15861,113.62709,1380000,14490545950
Langfang,China,39.50972,116.69472,868066,9115036421
Jinan,China,36.66833,116.99722,4335989,45529599886
Guli,China,28.88162,120.03308,536000,5628212050
Guigang,China,23.11603,109.59472,1086327,11406863268
Dalian,China,38.91222,121.60222,4087733,42922813672
Chongqing,China,29.56026,106.55771,7457600,78307750346
Bozhou,China,33.87722,115.77028,1409436,14799635595
Winnipeg,Canada,49.8844,-97.14704,632063,27341892699
Bogotá,Colombia,4.60971,-74.08175,7674366,40925655819
Santiago de Cuba,Cuba,20.02083,-75.82667,555865,5061256894
New York City,United States,40.71427,-74.00597,8175133,519477199719
Port-au-Prince,Haiti,18.54349,-72.33881,1234742,1452989834
Surat,India,21.19594,72.83023,4591246,8726612537
León de los Aldama,Mexico,21.12908,-101.67374,1238962,10341247073
Rotterdam,Netherlands,51.9225,4.47917,598199,31343902821
Fès,Morocco,34.03313,-5.00028,964891,2950587149
Quezon City,Philippines,14.6488,121.0509,2761720,9110444377
Chelyabinsk,Russian Federation,55.15402,61.42915,1062919,10942354873
Quito,Ecuador,-0.22985,-78.52495,1399814,7839503788
Cairo,Egypt,30.06263,31.24967,7734614,27441411532
Jodhpur,India,26.26841,73.00594,921476,1751455708
Bīkaner,India,28.01762,73.31495,576015,1094835633
Mexico City,Mexico,19.42847,-99.12766,12294193,102615969959
Lima,Peru,-12.04318,-77.02824,7737002,47403640568
