name,longitude,latitude,population,country_name,country_gdp
Bishkek,74.59,42.87,900000,Kyrgyzstan,7735976612.64163
Álvaro Obregón,-99.20329,19.35867,726664,Mexico,1076163316174.94
Yogyakarta,110.36472,-7.80139,636660,Indonesia,1058423838345.14
Makassar,119.43194,-5.14861,1321717,Indonesia,1058423838345.14
Dublin,-6.24889,53.33306,1024027,Ireland,425888950992.003
Tébessa,8.12417,35.40417,634332,Algeria,145163902228.168
Dammam,50.10326,26.43442,768602,Saudi Arabia,700117873249.269
Dushanbe,68.77905,38.53575,679400,Tajikistan,8194150301.78552
Gaziantep,37.3825,37.05944,1065975,Turkey,720101212394.114
Klang,101.44333,3.03667,879867,Malaysia,336664444247.042
Asunción,-57.647,-25.28646,1482200,Paraguay,35304238230.1132
Yekaterinburg,60.6122,56.8519,1349772,Russian Federation,1483497784867.6
Salem,78.15538,11.65376,917414,India,2622983732006.45
Nagpur,79.08491,21.14631,2228018,India,2622983732006.45
Kolhāpur,74.23167,16.69563,516142,India,2622983732006.45
Cuttack,85.87927,20.46497,580000,India,2622983732006.45
Muzaffarābād,73.47082,34.37002,725000,Pakistan,263686552686.208
Kotli,73.9022,33.51836,640000,Pakistan,263686552686.208
Zhuzhou,113.15,27.83333,1129687,China,14722730697890.1
Yancheng,120.1573,33.3575,1615717,China,14722730697890.1
Xining,101.75739,36.62554,767531,China,14722730697890.1
Tanggu,117.64694,39.02111,535298,China,14722730697890.1
Shantou,116.71479,23.36814,5329024,China,14722730697890.1
Shangluo,109.93056,33.86667,531696,China,14722730697890.1
Putian,119.01028,25.43944,1107199,China,14722730697890.1
Luzhou,105.42575,28.8903,998900,China,14722730697890.1
Lanzhou,103.83987,36.05701,2628426,China,14722730697890.1
Yiyang,112.32833,28.58917,1249807,China,14722730697890.1
Chenzhou,113.03333,25.8,822534,China,14722730697890.1
Baise,106.62684,23.89013,686078,China,14722730697890.1
Suzhou,120.59538,31.30408,5345961,China,14722730697890.1
Shenyang,123.43278,41.79222,6255921,China,14722730697890.1
Hamburg,9.99302,53.55073,1739117,Germany,3846413928653.71
Brasília,-47.92972,-15.77972,2207718,Brazil,1444733258971.65
Bangui,18.55496,4.36122,542393,Central African Republic,2303078337.57431
Chicago,-87.65005,41.85003,2720546,United States,20936600000000.0
Pikine,-17.39071,14.76457,874062,Senegal,24910904235.857
Dakar,-17.44406,14.6937,2476400,Senegal,24910904235.857
Kampala,32.58219,0.31628,1353189,Uganda,37372032557.5944
Milwaukee,-87.90647,43.0389,600155,United States,20936600000000.0
Washington,-77.03637,38.89511,601723,United States,20936600000000.0
Suizhou,113.36306,31.71111,618582,China,14722730697890.1
Jinjiang,118.57415,24.81978,1172827,China,14722730697890.1
Puyang,119.88872,29.45679,3590000,China,14722730697890.1
Jingmen,112.20472,31.03361,632954,China,14722730697890.1
Huangshi,115.04814,30.24706,688090,China,14722730697890.1
Huaibei,116.79167,33.97444,1113321,China,14722730697890.1
Hebi,114.1925,35.89917,634721,China,14722730697890.1
Benxi,123.765,41.28861,987717,China,14722730697890.1
Taizhou,121.43312,28.66266,1189276,China,14722730697890.1
Jinzhong,112.75471,37.68403,1226617,China,14722730697890.1
Fortaleza,-38.54306,-3.71722,2400000,Brazil,1444733258971.65
Depok,106.81861,-6.4,1198129,Indonesia,1058423838345.14
Thiruvananthapuram,76.94924,8.4855,784153,India,2622983732006.45
Madurai,78.11953,9.919,1465625,India,2622983732006.45
Abū Ghurayb,44.18477,33.30563,900000,Iraq,167224432560.319
Karaj,50.99155,35.83266,1448075,Iran,191718271483.759
Kyoto,135.75385,35.02107,1459640,Japan,4975415241562.52
Tlalnepantla,-99.19538,19.54005,653410,Mexico,1076163316174.94
Faisalabad,73.08969,31.41554,2506595,Pakistan,263686552686.208
Port Harcourt,7.0134,4.77742,1148665,Nigeria,432293776262.398
Naples,14.26811,40.85216,959470,Italy,1886445268340.71
Marseille,5.38107,43.29695,794811,France,2630317731455.26
Giza,31.20861,30.00944,2443203,Egypt,363069245165.315
Zhenjiang,119.45508,32.21086,950516,China,14722730697890.1
Zhaotong,103.71667,27.31667,787845,China,14722730697890.1
Yantai,121.44081,37.47649,2227733,China,14722730697890.1
Weifang,119.10194,36.71,2044028,China,14722730697890.1
Tianjin,117.17667,39.14222,11090314,China,14722730697890.1
Suzhou,116.97889,33.63611,1647642,China,14722730697890.1
Shaoxing,120.57864,30.00237,1725726,China,14722730697890.1
Hangzhou,120.16142,30.29365,6241971,China,14722730697890.1
Mudanjiang,129.62594,44.54804,665915,China,14722730697890.1
Datong,113.29139,40.09361,1052678,China,14722730697890.1
Anshan,122.99,41.12361,1199275,China,14722730697890.1
Medina,39.61417,24.46861,1300000,Saudi Arabia,700117873249.269
İzmir,27.13838,38.41273,2500603,Turkey,720101212394.114
San Diego,-117.16472,32.71571,1394928,United States,20936600000000.0
Medellín,-75.56359,6.25184,1999979,Colombia,271346896626.418
Mexicali,-115.45446,32.62781,689775,Mexico,1076163316174.94
Ciudad Juárez,-106.46084,31.72024,1321004,Mexico,1076163316174.94
Kampung Baru Subang,101.53333,3.15,833571,Malaysia,336664444247.042
Subang Jaya,101.58062,3.04384,708296,Malaysia,336664444247.042
Maputo,32.58322,-25.96553,1191613,Mozambique,14021421105.9078
Cebu City,123.89071,10.31672,798634,Philippines,361489354350.0
Ciudad Nezahualcoyotl,-99.01483,19.40061,1104585,Mexico,1076163316174.94
Callao,-77.11814,-12.05659,813264,Peru,202014363787.233
Ranchi,85.3094,23.34316,1120374,India,2622983732006.45
Jalandhar,75.57917,31.32556,785178,India,2622983732006.45
Hyderabad,78.45636,17.38405,6809970,India,2622983732006.45
Bhayandar,72.85107,19.30157,520301,India,2622983732006.45
Bareilly,79.43167,28.36678,745435,India,2622983732006.45
Salvador,-38.51083,-12.97111,2711840,Brazil,1444733258971.65
Campo Grande,-54.64639,-20.44278,729151,Brazil,1444733258971.65
Manila,120.9822,14.6042,1600000,Philippines,361489354350.0
Lahore,74.35071,31.558,6310888,Pakistan,263686552686.208
Beira,34.83889,-19.84361,530604,Mozambique,14021421105.9078
Amsterdam,4.88969,52.37403,741636,Netherlands,913865395789.886
Novokuznetsk,87.1099,53.7557,539616,Russian Federation,1483497784867.6
Suwon,127.00889,37.29111,1242724,South Korea,1630525005469.11
Incheon,126.70515,37.45646,2628000,South Korea,1630525005469.11
Hwaseong-si,126.8169,37.20682,640890,South Korea,1630525005469.11
Changwon,128.68111,35.22806,550000,South Korea,1630525005469.11
Bamako,-8.0,12.65,1297281,Mali,17393761397.0805
Palembang,104.7458,-2.91673,1441500,Indonesia,1058423838345.14
Dehra Dūn,78.03392,30.32443,522081,India,2622983732006.45
Bhubaneshwar,85.83385,20.27241,762243,India,2622983732006.45
Ahvaz,48.6842,31.31901,841145,Iran,191718271483.759
Acapulco de Juárez,-99.90891,16.84942,673479,Mexico,1076163316174.94
Torreón,-103.41898,25.54389,608836,Mexico,1076163316174.94
Kumasi,-1.62443,6.68848,1468609,Ghana,72354428864.9032
Gustavo Adolfo Madero,-99.11075,19.49392,1185772,Mexico,1076163316174.94
Mississauga,-79.6583,43.5789,668549,Canada,1644037286481.26
Montréal,-73.58781,45.50884,1600000,Canada,1644037286481.26
Ghāziābād,77.43915,28.66535,1199191,India,2622983732006.45
Cochin,76.26022,9.93988,604696,India,2622983732006.45
Ahmedabad,72.58727,23.02579,6357693,India,2622983732006.45
As Sulaymānīyah,45.4329,35.56496,723170,Iraq,167224432560.319
Hamadān,48.51456,34.79922,528256,Iran,191718271483.759
Puente Alto,-70.57577,-33.61169,510417,Chile,252940023046.011
Zhumadian,114.02944,32.97944,721670,China,14722730697890.1
Zhengzhou,113.64861,34.75778,4253913,China,14722730697890.1
Ya'an,102.999,29.98521,612056,China,14722730697890.1
Xianyang,108.70261,34.33778,1034081,China,14722730697890.1
Weihai,122.11356,37.50914,844310,China,14722730697890.1
Pingdingshan,113.30119,33.73847,979130,China,14722730697890.1
Bengbu,117.36083,32.94083,972784,China,14722730697890.1
Shaoyang,111.46214,27.23818,753194,China,14722730697890.1
Zhangjiakou,114.87944,40.81,692602,China,14722730697890.1
Liaoyang,123.17306,41.27194,687890,China,14722730697890.1
Jinzhou,121.14167,41.10778,604269,China,14722730697890.1
Iztapalapa,-99.06224,19.35529,1815786,Mexico,1076163316174.94
Kraków,19.93658,50.06143,755050,Poland,594164690894.936
Omsk,73.36859,54.99244,1129281,Russian Federation,1483497784867.6
Ta’if,40.41583,21.27028,530848,Saudi Arabia,700117873249.269
Stockholm,18.06871,59.32938,1515017,Sweden,541063604339.715
Kagoshima,130.55,31.56667,555352,Japan,4975415241562.52
Hamamatsu,137.73333,34.7,791707,Japan,4975415241562.52
Cheongju-si,127.48972,36.63722,634596,South Korea,1630525005469.11
Tucson,-110.92648,32.22174,531641,United States,20936600000000.0
Denver,-104.9847,39.73915,682545,United States,20936600000000.0
Cần Thơ,105.78825,10.03711,812088,Vietnam,271158442059.082
Taiz,44.02091,13.57952,615222,Yemen,0.0
Tembisa,28.2268,-25.99636,511655,South Africa,301923639269.552
Peshawar,71.57849,34.008,1218773,Pakistan,263686552686.208
Aguascalientes,-102.28259,21.88234,722250,Mexico,1076163316174.94
Kuala Lumpur,101.68653,3.1412,1453975,Malaysia,336664444247.042
Warri,5.75006,5.51737,536023,Nigeria,432293776262.398
Belgrade,20.46513,44.80401,1273651,Serbia,52960134078.6888
Tolyatti,49.3461,53.5303,702879,Russian Federation,1483497784867.6
Yerevan,44.51361,40.18111,1093485,Armenia,12645459213.5235
Melbourne,144.96332,-37.814,4246375,Australia,1330900925056.98
Bandung,107.60694,-6.92222,1699719,Indonesia,1058423838345.14
Cúcuta,-72.50782,7.89391,721398,Colombia,271346896626.418
Santo Domingo Oeste,-70.0,18.5,701269,Dominican Republic,78844702329.0785
Málaga,-4.42034,36.72016,568305,Spain,1281484640043.58
Tangshan,118.18333,39.63333,3372102,China,14722730697890.1
Neijiang,105.06216,29.58354,1251095,China,14722730697890.1
Linfen,111.51889,36.08889,959198,China,14722730697890.1
Yiwu,120.07676,29.31506,878903,China,14722730697890.1
Qiqihar,123.96045,47.34088,882364,China,14722730697890.1
Baotou,109.84389,40.6516,1301768,China,14722730697890.1
Zhu Cheng City,119.40259,35.99502,1000000,China,14722730697890.1
Xuzhou,117.28386,34.20442,1253991,China,14722730697890.1
Luanda,13.23432,-8.83682,2776168,Angola,62306913444.2917
Mendoza,-68.82717,-32.89084,876884,Argentina,383066977653.56
Aparecida de Goiânia,-49.24389,-16.82333,510770,Brazil,1444733258971.65
Vancouver,-123.11934,49.24966,600000,Canada,1644037286481.26
Kinshasa,15.31357,-4.32758,7785965,Congo,49868970641.1062
Istanbul,28.94966,41.01384,14804116,Turkey,720101212394.114
Taichung,120.6839,24.1469,1040725,China,14722730697890.1
Donetsk,37.80224,48.023,1024700,Ukraine,155582008717.426
Kumamoto,130.69181,32.80589,680423,Japan,4975415241562.52
Takeo,104.78498,10.99081,843931,Cambodia,25291251427.3979
Daegu,128.59111,35.87028,2566540,South Korea,1630525005469.11
Vilnius,25.2798,54.68916,542366,Lithuania,55887271833.0025
Lipetsk,39.57076,52.60311,515655,Russian Federation,1483497784867.6
Tashkent,69.21627,41.26465,1978028,Uzbekistan,57707189945.4214
Maturín,-63.18323,9.74569,529376,Venezuela,0.0
Hanoi,105.84117,21.0245,8053663,Vietnam,271158442059.082
Brooklyn,-73.94958,40.6501,2300664,United States,20936600000000.0
Sevilla,-5.97317,37.38283,703206,Spain,1281484640043.58
Madrid,-3.70256,40.4165,3255944,Spain,1281484640043.58
Xiaogan,113.92221,30.92689,908266,China,14722730697890.1
Luoyang,112.45361,34.68361,1390581,China,14722730697890.1
Guiyang,106.71667,26.58333,3037159,China,14722730697890.1
Ganzhou,114.9326,25.84664,1977253,China,14722730697890.1
Shangyu,120.87111,30.01556,770000,China,14722730697890.1
Lianyungang,119.21556,34.59845,2001009,China,14722730697890.1
Abu Dhabi,54.39696,24.45118,603492,United Arab Emirates,0.0
Rosario,-60.63932,-32.94682,1173533,Argentina,383066977653.56
São Paulo,-46.63611,-23.5475,10021295,Brazil,1444733258971.65
Nairobi,36.81667,-1.28333,2750547,Kenya,98842939649.1149
Morelia,-101.18443,19.70078,597511,Mexico,1076163316174.94
Guadalupe,-100.25646,25.67678,673616,Mexico,1076163316174.94
Victoria de Durango,-104.65756,24.02032,518709,Mexico,1076163316174.94
Chihuahua,-106.08889,28.63528,809232,Mexico,1076163316174.94
Genoa,8.94439,44.40478,580223,Italy,1886445268340.71
Rājkot,70.79322,22.29161,1390640,India,2622983732006.45
Pune,73.85535,18.51957,3124458,India,2622983732006.45
Ludhiāna,75.85379,30.91204,1545368,India,2622983732006.45
Jamshedpur,86.18545,22.80278,1339438,India,2622983732006.45
Bhiwandi,73.05881,19.30023,707035,India,2622983732006.45
Erbil,44.01193,36.18333,932800,Iraq,167224432560.319
Kingston,-76.79358,17.99702,937700,Jamaica,13812421803.4084
Tlaquepaque,-103.29327,20.64091,575942,Mexico,1076163316174.94
Indianapolis,-86.15804,39.76838,829718,United States,20936600000000.0
Mogadishu,45.34375,2.03711,2587183,Somalia,4917607582.22895
Homs,36.72339,34.72682,775404,Syrian Arab Republic,0.0
Banqiao,121.46719,25.01427,543342,China,14722730697890.1
Taguig,121.0792,14.5243,644473,Philippines,361489354350.0
Lisbon,-9.13333,38.71667,517802,Portugal,231226743398.402
Barnaul,83.76361,53.36056,599579,Russian Federation,1483497784867.6
Los Angeles,-118.24368,34.05223,3971883,United States,20936600000000.0
Thuận An,106.71428,10.9239,588616,Vietnam,271158442059.082
Sanaa,44.20667,15.35472,1937451,Yemen,0.0
Pretoria,28.18783,-25.74486,1619438,South Africa,301923639269.552
Pietermaritzburg,30.39278,-29.61679,750845,South Africa,301923639269.552
Freetown,-13.2356,8.48714,802639,Sierra Leone,3865018882.89755
Ankara,32.85427,39.91987,3517182,Turkey,720101212394.114
Esenler,28.87619,41.0435,520235,Turkey,720101212394.114
Çankaya,32.86268,39.9179,792189,Turkey,720101212394.114
Rawalpindi,73.0479,33.59733,1743101,Pakistan,263686552686.208
Karachi,67.0104,24.8608,11624219,Pakistan,263686552686.208
Tijuana,-117.00371,32.5027,1300983,Mexico,1076163316174.94
Athens,23.72784,37.98376,664046,Greece,189410106620.016
Mecca,39.82563,21.42664,1323624,Saudi Arabia,700117873249.269
Ulhasnagar,73.15,19.21667,516584,India,2622983732006.45
Jos,8.89212,9.92849,816824,Nigeria,432293776262.398
Ibadan,3.90591,7.37756,3565108,Nigeria,432293776262.398
Managua,-86.2504,12.13282,973087,Nicaragua,12621476263.8278
Ufa,55.96779,54.74306,1033338,Russian Federation,1483497784867.6
Fresno,-119.77237,36.74773,520052,United States,20936600000000.0
Boston,-71.05977,42.35843,675647,United States,20936600000000.0
Havana,-82.38304,23.13302,2163824,Cuba,0.0
Yangzhou,119.43583,32.39722,1584237,China,14722730697890.1
Shangrao,117.94287,28.45179,1116486,China,14722730697890.1
Xinzhou,112.73333,38.40917,544683,China,14722730697890.1
Xingtai,114.49417,37.06306,798770,China,14722730697890.1
Xiangyang,112.14479,32.0422,1294733,China,14722730697890.1
Qujing,103.78333,25.48333,1408500,China,14722730697890.1
Nanning,108.31667,22.81667,3839800,China,14722730697890.1
Huainan,116.99694,32.62639,1666826,China,14722730697890.1
Binzhou,118.01667,37.36667,682717,China,14722730697890.1
Yueyang,113.09481,29.37455,991465,China,14722730697890.1
Fuxin,121.65889,42.01556,689050,China,14722730697890.1
Liupanshui,104.83333,26.59444,1320825,China,14722730697890.1
Mar del Plata,-57.5562,-38.00042,553935,Argentina,383066977653.56
Salta,-65.41166,-24.7859,512686,Argentina,383066977653.56
Dhaka,90.40744,23.7104,10356500,Bangladesh,324239176765.053
São Luís,-44.30278,-2.52972,917237,Brazil,1444733258971.65
Québec,-71.21454,46.81228,528595,Canada,1644037286481.26
Bucheon-si,126.78306,37.49889,850731,South Korea,1630525005469.11
Tangier,-5.79975,35.76727,688356,Morocco,112870591694.044
Nay Pyi Taw,96.12972,19.745,925000,Myanmar,76185586096.7974
Milan,9.18951,45.46427,1236837,Italy,1886445268340.71
Faridabad,77.31316,28.41124,1220229,India,2622983732006.45
Kolkata,88.36304,22.56263,4631392,India,2622983732006.45
Jakarta,106.84513,-6.21462,8540121,Indonesia,1058423838345.14
Denpasar,115.21667,-8.65,834881,Indonesia,1058423838345.14
Batam,104.02491,1.14937,1164352,Indonesia,1058423838345.14
Yibin,104.63994,28.7593,836340,China,14722730697890.1
Tai’an,117.12,36.18528,1735425,China,14722730697890.1
Sanmenxia,111.18139,34.77472,669307,China,14722730697890.1
Rui’an,120.65859,27.77605,927383,China,14722730697890.1
Ningbo,121.54945,29.87819,3491597,China,14722730697890.1
Jiujiang,116.00206,29.70475,1164268,China,14722730697890.1
Jiaozuo,113.23306,35.23972,865413,China,14722730697890.1
Jiangmen,113.08333,22.58333,1480023,China,14722730697890.1
Huizhou,114.41523,23.11147,2090578,China,14722730697890.1
Changzhi,113.10528,36.18389,1214940,China,14722730697890.1
Fuzhou,119.30611,26.06139,3102421,China,14722730697890.1
Dazhou,107.50092,31.21592,1589435,China,14722730697890.1
Harbin,126.65,45.75,5878939,China,14722730697890.1
Raurkela,84.86414,22.22496,536450,India,2622983732006.45
Dhanbad,86.42992,23.79759,1196214,India,2622983732006.45
Bokāro,86.15161,23.66934,564319,India,2622983732006.45
Tabriz,46.2919,38.08,1424641,Iran,191718271483.759
Mashhad,59.60567,36.29807,2307177,Iran,191718271483.759
Vienna,16.37208,48.20849,1691468,Austria,430947393757.511
Uberlândia,-48.27722,-18.91861,563536,Brazil,1444733258971.65
Rio de Janeiro,-43.18223,-22.90642,6023699,Brazil,1444733258971.65
Ribeirão Preto,-47.81028,-21.1775,619746,Brazil,1444733258971.65
Curitiba,-49.27306,-25.42778,1718421,Brazil,1444733258971.65
Visakhapatnam,83.20161,17.68009,1063178,India,2622983732006.45
Oklahoma City,-97.51643,35.46756,631346,United States,20936600000000.0
Bangkok,100.50144,13.75398,5104476,Thailand,501794961925.244
Kaohsiung,120.31333,22.61626,1519711,China,14722730697890.1
Tripoli,13.18733,32.88743,1150989,Libya,25418461532.2008
Sale,-6.79846,34.0531,903485,Morocco,112870591694.044
Nürnberg,11.07752,49.45421,515543,Germany,3846413928653.71
Guayaquil,-79.88621,-2.19616,1952029,Ecuador,98808010000.0
Köln,6.95,50.93333,963395,Germany,3846413928653.71
Duisburg,6.76516,51.43247,504358,Germany,3846413928653.71
Berlin,13.41053,52.52437,3426354,Germany,3846413928653.71
Ürümqi,87.60046,43.80096,3029372,China,14722730697890.1
Zhuhai,113.56778,22.27694,1562530,China,14722730697890.1
Qingdao,120.38042,36.06488,3718835,China,14722730697890.1
La Plata,-57.95453,-34.92145,694167,Argentina,383066977653.56
Buenos Aires,-58.37723,-34.61315,13076300,Argentina,383066977653.56
Sofia,23.32415,42.69751,1152556,Bulgaria,69105101089.5531
Nova Iguaçu,-43.45111,-22.75917,1002118,Brazil,1444733258971.65
Dombivli,73.08333,19.21667,1193000,India,2622983732006.45
Johor Bahru,103.7578,1.4655,802489,Malaysia,336664444247.042
Nanded,77.31497,19.16023,550564,India,2622983732006.45
Gwalior,78.17337,26.22983,882458,India,2622983732006.45
Gorakhpur,83.36889,26.76628,674246,India,2622983732006.45
Kallakurichi,78.95925,11.73379,1682687,India,2622983732006.45
Pasragad Branch,48.47168,34.77772,787878,Iran,191718271483.759
Jacksonville,-81.65565,30.33218,868031,United States,20936600000000.0
Kalininskiy,30.3899,59.99675,504641,Russian Federation,1483497784867.6
Sulţānah,39.58572,24.49258,946697,Saudi Arabia,700117873249.269
Davao,125.61278,7.07306,1212504,Philippines,361489354350.0
Sargodha,72.67418,32.08586,542603,Pakistan,263686552686.208
Islamabad,73.04329,33.72148,601600,Pakistan,263686552686.208
Surabaya,112.75083,-7.24917,2374658,Indonesia,1058423838345.14
Cuauhtémoc,-99.14612,19.44506,531831,Mexico,1076163316174.94
Zapopan,-103.38479,20.72356,1142483,Mexico,1076163316174.94
Trujillo,-79.02998,-8.11599,747450,Peru,202014363787.233
Shangqiu,115.65,34.45,1536392,China,14722730697890.1
Xuanzhou,118.75528,30.9525,774332,China,14722730697890.1
Xinyu,114.93335,27.80429,839488,China,14722730697890.1
Xinxiang,113.80151,35.19033,1047088,China,14722730697890.1
Ankang,109.01722,32.68,870126,China,14722730697890.1
Wuhu,118.37351,31.33728,1665000,China,14722730697890.1
Wuhan,114.26667,30.58333,9785388,China,14722730697890.1
Huai'an,119.01917,33.58861,2494013,China,14722730697890.1
Nanchang,115.85306,28.68396,2357839,China,14722730697890.1
Luancheng,114.65167,37.87917,597130,China,14722730697890.1
Liuzhou,109.40698,24.32405,1436599,China,14722730697890.1
Guangyuan,105.823,32.44201,516424,China,14722730697890.1
Hengshui,115.70111,37.73222,522147,China,14722730697890.1
Bijie,105.28627,27.30193,1137383,China,14722730697890.1
Zhoushan,122.20488,29.98869,882932,China,14722730697890.1
Hegang,130.30012,47.35118,743307,China,14722730697890.1
E’zhou,114.88655,30.39607,668727,China,14722730697890.1
Rizhao,119.52908,35.41414,661943,China,14722730697890.1
Sarajevo,18.35644,43.84864,696731,Bosnia and Herzegovina,19788422248.1072
Tegucigalpa,-87.20681,14.0818,850848,Honduras,23827840809.7014
Maceió,-35.73528,-9.66583,954991,Brazil,1444733258971.65
João Pessoa,-34.86306,-7.115,650883,Brazil,1444733258971.65
Bekasi,106.9896,-6.2349,1520119,Indonesia,1058423838345.14
Mersin,34.63886,36.81196,537842,Turkey,720101212394.114
Zarqa,36.08796,32.07275,792665,Jordan,43697659275.3137
Riga,24.10589,56.946,742572,Latvia,33505185228.7067
Rabat,-6.83255,34.01325,1655753,Morocco,112870591694.044
Blantyre,35.00854,-15.78499,584877,Malawi,11961848552.5977
Santa María Chimalhuacán,-98.95038,19.42155,612383,Mexico,1076163316174.94
Oyo,3.93125,7.85257,736072,Nigeria,432293776262.398
Pasig City,121.0614,14.58691,617301,Philippines,361489354350.0
Gwangju,126.91556,35.15472,1416938,South Korea,1630525005469.11
Ansan-si,126.82194,37.32361,716785,South Korea,1630525005469.11
Casablanca,-7.61138,33.58831,3144909,Morocco,112870591694.044
Coyoacán,-99.16174,19.3467,620416,Mexico,1076163316174.94
Nyala,24.88069,12.04888,565734,Sudan,26110829190.4008
Eskişehir,30.52056,39.77667,514869,Turkey,720101212394.114
Antalya,30.69556,36.90812,758188,Turkey,720101212394.114
Dnipro,35.04066,48.46664,998103,Ukraine,155582008717.426
El Paso,-106.48693,31.75872,681124,United States,20936600000000.0
Bucharest,26.10626,44.43225,1877155,Romania,248715551366.635
London,-0.12574,51.50853,8961989,United Kingdom,2707743777173.91
Bogor,106.78917,-6.59444,800000,Indonesia,1058423838345.14
Santo Domingo Este,-69.85707,18.48847,700000,Dominican Republic,78844702329.0785
Jabalpur,79.95006,23.16697,1030168,India,2622983732006.45
Bilimora,72.96134,20.76957,510879,India,2622983732006.45
Accra,-0.1969,5.55602,1963264,Ghana,72354428864.9032
Singapore,103.85007,1.28967,3547809,Singapore,339998477929.985
Konya,32.48464,37.87135,875530,Turkey,720101212394.114
Odessa,30.74383,46.48572,1013159,Ukraine,155582008717.426
Memphis,-90.04898,35.14953,655770,United States,20936600000000.0
Fort Worth,-97.32085,32.72541,833319,United States,20936600000000.0
Perm,56.25017,58.01046,982419,Russian Federation,1483497784867.6
Makati City,121.03269,14.55027,510383,Philippines,361489354350.0
Poznań,16.92993,52.40692,570352,Poland,594164690894.936
Jeddah,39.18624,21.49012,2867446,Saudi Arabia,700117873249.269
Liverpool,-2.97794,53.41058,864122,United Kingdom,2707743777173.91
South Tangerang,106.71789,-6.28862,1303569,Indonesia,1058423838345.14
Tirunelveli,77.6838,8.72742,1435844,India,2622983732006.45
Thāne,72.96355,19.19704,1261517,India,2622983732006.45
Solāpur,75.91044,17.67152,997281,India,2622983732006.45
Bucaramanga,-73.1198,7.12539,571820,Colombia,271346896626.418
Boumerdas,3.47717,36.76639,786499,Algeria,145163902228.168
Asmara,38.93184,15.33805,563930,Eritrea,0.0
Barcelona,2.15899,41.38879,1621537,Spain,1281484640043.58
Leicester,-1.13169,52.6386,508916,United Kingdom,2707743777173.91
Santiago de Querétaro,-100.38806,20.58806,626495,Mexico,1076163316174.94
Niamey,2.1098,13.51366,774235,Niger,13678234008.4714
Sokoto,5.24322,13.06269,563861,Nigeria,432293776262.398
Abuja,7.49508,9.05785,590400,Nigeria,432293776262.398
Aba,7.36667,5.10658,897560,Nigeria,432293776262.398
Niigata,139.00589,37.88637,797591,Japan,4975415241562.52
Marrakesh,-7.99994,31.63416,839296,Morocco,112870591694.044
Najafgarh,76.97982,28.60922,1365000,India,2622983732006.45
Delhi,77.23149,28.65195,10927986,India,2622983732006.45
Borivli,72.85976,19.23496,609617,India,2622983732006.45
Zhabei,121.45972,31.25861,840000,China,14722730697890.1
Mianyang,104.68168,31.46784,1355331,China,14722730697890.1
Liaocheng,116.00247,36.45064,1229768,China,14722730697890.1
Guilin,110.29639,25.28022,1572300,China,14722730697890.1
Chaozhou,116.62262,23.65396,1750945,China,14722730697890.1
Panzhihua,101.71276,26.58509,787177,China,14722730697890.1
Belo Horizonte,-43.93778,-19.92083,2373224,Brazil,1444733258971.65
Izhevsk,53.20448,56.84976,631038,Russian Federation,1483497784867.6
Da Nang,108.22083,16.06778,988561,Vietnam,271158442059.082
San Jose,-121.89496,37.33939,1026908,United States,20936600000000.0
The Bronx,-73.86641,40.84985,1385108,United States,20936600000000.0
Bahçelievler,28.8598,41.00231,576799,Turkey,720101212394.114
Kharkiv,36.25272,49.98081,1430885,Ukraine,155582008717.426
Saratov,46.00861,51.54056,863725,Russian Federation,1483497784867.6
Multan,71.47824,30.19679,1437230,Pakistan,263686552686.208
Hermosillo,-110.97732,29.1026,715061,Mexico,1076163316174.94
Petaling Jaya,101.60671,3.10726,520698,Malaysia,336664444247.042
Zaria,7.7227,11.11128,975153,Nigeria,432293776262.398
Ecatepec de Morelos,-99.06064,19.60492,1655015,Mexico,1076163316174.94
Cancún,-86.84656,21.17429,628306,Mexico,1076163316174.94
Arequipa,-71.535,-16.39889,841130,Peru,202014363787.233
Montevideo,-56.18816,-34.90328,1270737,Uruguay,53628827440.3582
Valencia,-68.00765,10.16202,1619470,Venezuela,0.0
San Miguel de Tucumán,-65.2226,-26.82414,781023,Argentina,383066977653.56
Valencia,-0.37739,39.46975,814208,Spain,1281484640043.58
Zaozhuang,117.55417,34.86472,899753,China,14722730697890.1
Xiamen,118.08187,24.47979,3531347,China,14722730697890.1
Shenzhen,114.0683,22.54554,10358381,China,14722730697890.1
Pingxiang,113.85353,27.61672,893550,China,14722730697890.1
Maoming,110.9,21.65,2539148,China,14722730697890.1
Dezhou,116.36706,37.44661,679535,China,14722730697890.1
Changsha,112.97087,28.19874,3093980,China,14722730697890.1
Anshun,105.93333,26.25,765313,China,14722730697890.1
Siping,124.37785,43.16143,555609,China,14722730697890.1
Shuangyashan,131.13273,46.67686,600000,China,14722730697890.1
Jiamusi,130.31633,46.79927,549549,China,14722730697890.1
Brussels,4.34878,50.85045,1019022,Belgium,515332499627.861
Cotonou,2.41833,6.36536,780000,Benin,15651545208.8783
São Bernardo do Campo,-46.565,-23.69389,743372,Brazil,1444733258971.65
Porto Alegre,-51.23019,-30.03283,1372741,Brazil,1444733258971.65
Feira de Santana,-38.96667,-12.26667,619609,Brazil,1444733258971.65
Minsk,27.56667,53.9,1742124,Belarus,60258239055.5829
Lubumbashi,27.47938,-11.66089,1373770,Congo,49868970641.1062
Sakai,135.46667,34.58333,782339,Japan,4975415241562.52
Nagoya,136.90641,35.18147,2191279,Japan,4975415241562.52
Al Aḩmadī,48.08389,29.07694,637411,Kuwait,0.0
Beirut,35.50157,33.89332,1916100,Lebanon,33383246857.58
Lilongwe,33.78725,-13.96692,646750,Malawi,11961848552.5977
Durgapur,87.30801,23.51583,518872,India,2622983732006.45
Isfahan,51.67462,32.65246,1547164,Iran,191718271483.759
Conakry,-13.67729,9.53795,1767200,Guinea,15681050917.1588
Srinagar,74.80555,34.08565,975857,India,2622983732006.45
Narela,77.09288,28.85267,800000,India,2622983732006.45
Chennai,80.27847,13.08784,4681087,India,2622983732006.45
Tehran,51.42151,35.69439,7153309,Iran,191718271483.759
Ziyang,104.64811,30.12108,905729,China,14722730697890.1
Yinchuan,106.27306,38.46806,1487579,China,14722730697890.1
Zhangjiagang,120.53889,31.865,762625,China,14722730697890.1
Shanghai,121.45806,31.22222,22315474,China,14722730697890.1
Jieyang,116.36581,23.5418,1899394,China,14722730697890.1
Longyan,117.01775,25.07485,1025087,China,14722730697890.1
Dandong,124.39472,40.12917,631973,China,14722730697890.1
Jaboatão,-35.00139,-8.18028,702621,Brazil,1444733258971.65
Vijayawada,80.6466,16.50745,874587,India,2622983732006.45
Teni,77.47772,10.01115,1034724,India,2622983732006.45
Austin,-97.74306,30.26715,931830,United States,20936600000000.0
Detroit,-83.04575,42.33143,677116,United States,20936600000000.0
Rome,12.51133,41.89193,2318895,Italy,1886445268340.71
Budapest,19.04045,47.49835,1741041,Hungary,155012927629.087
Lviv,24.02324,49.83826,717803,Ukraine,155582008717.426
Kyiv,30.5238,50.45466,2797553,Ukraine,155582008717.426
Port Said,32.3019,31.26531,538378,Egypt,363069245165.315
Frankfurt am Main,8.68417,50.11552,650000,Germany,3846413928653.71
Guadalajara,-103.39182,20.66682,1495182,Mexico,1076163316174.94
Onitsha,6.78569,6.14978,561066,Nigeria,432293776262.398
Kobe,135.183,34.6913,1528478,Japan,4975415241562.52
Phnom Penh,104.91601,11.56245,1573544,Cambodia,25291251427.3979
Nouakchott,-15.9785,18.08581,661400,Mauritania,7778525642.92883
Pyongyang,125.75432,39.03385,3222000,North Korea,0.0
Colombo,79.84868,6.93548,648034,Sri Lanka,80706600228.6499
Puebla,-98.20346,19.03793,1434062,Mexico,1076163316174.94
Tlalpan,-99.16206,19.29513,574577,Mexico,1076163316174.94
Aden,45.03667,12.77944,550602,Yemen,0.0
Zaporizhzhya,35.11714,47.85167,738728,Ukraine,155582008717.426
Kano,8.51672,12.00012,3626068,Nigeria,432293776262.398
Antipolo,121.12251,14.62578,549543,Philippines,361489354350.0
Bahawalpur,71.6752,29.39779,552607,Pakistan,263686552686.208
Bandar Lampung,105.26111,-5.42917,800348,Indonesia,1058423838345.14
Siliguri,88.42851,26.71004,515574,India,2622983732006.45
Baghdad,44.40088,33.34058,7216000,Iraq,167224432560.319
Al Başrah al Qadīmah,47.81507,30.50316,2015483,Iraq,167224432560.319
New Kingston,-76.78319,18.00747,583958,Jamaica,13812421803.4084
Bouaké,-5.03031,7.69385,567481,Côte d'Ivoire,61348579465.1017
Abobo,-4.0159,5.41613,900000,Côte d'Ivoire,61348579465.1017
Shihezi,86.03694,44.3023,572772,China,14722730697890.1
Yunfu,112.03954,22.92833,2612800,China,14722730697890.1
Xiangtan,112.9,27.85,959303,China,14722730697890.1
Wenchang,110.74894,19.6157,560894,China,14722730697890.1
Qionghai,110.46417,19.2425,528238,China,14722730697890.1
Chuzhou,118.29778,32.32194,782671,China,14722730697890.1
Sydney,151.20732,-33.86785,4627345,Australia,1330900925056.98
Khulna,89.56439,22.80979,1342339,Bangladesh,324239176765.053
Anyang,114.38278,36.096,1146839,China,14722730697890.1
Qinhuangdao,119.58833,39.93167,759718,China,14722730697890.1
Nanyang,112.53278,32.99472,1811812,China,14722730697890.1
Meizhou,116.11768,24.28859,992351,China,14722730697890.1
Jinhua,119.64421,29.10678,1463990,China,14722730697890.1
Yangjiang,111.96272,21.85563,1292987,China,14722730697890.1
Dongguan,113.74866,23.01797,7271322,China,14722730697890.1
Beijing,116.39723,39.9075,11716620,China,14722730697890.1
Saint Petersburg,30.31413,59.93863,5028000,Russian Federation,1483497784867.6
Johannesburg,28.04363,-26.20227,2026469,South Africa,301923639269.552
Astrakhan,48.04076,46.34968,502533,Russian Federation,1483497784867.6
Paris,2.3488,48.85341,2138551,France,2630317731455.26
Wanzhou,108.39586,30.76451,723215,China,14722730697890.1
Semarang,110.42083,-6.99306,1288084,Indonesia,1058423838345.14
Shiyan,110.77806,32.6475,3460000,China,14722730697890.1
Quzhou,118.86861,28.95944,902767,China,14722730697890.1
Pingliang,106.68611,35.53917,504848,China,14722730697890.1
Puning,116.16869,23.31072,874954,China,14722730697890.1
Jining,116.58139,35.405,1241012,China,14722730697890.1
Huzhou,120.0933,30.8703,1015937,China,14722730697890.1
Chizhou,117.47783,30.66134,615274,China,14722730697890.1
Chengdu,104.06667,30.66667,7415590,China,14722730697890.1
Cangzhou,116.86667,38.31667,527681,China,14722730697890.1
Santo André,-46.53833,-23.66389,662373,Brazil,1444733258971.65
Guwahati,91.7458,26.1844,899094,India,2622983732006.45
Allahābād,81.84322,25.44478,1073438,India,2622983732006.45
Alīgarh,78.07464,27.88145,753207,India,2622983732006.45
Kermanshah,47.065,34.31417,621100,Iran,191718271483.759
Helsinki,24.93545,60.16952,558457,Finland,269751312854.475
Kalyān,73.13554,19.2437,1262255,India,2622983732006.45
Jaipur,75.78781,26.91962,2711758,India,2622983732006.45
Guntur,80.45729,16.29974,530577,India,2622983732006.45
Bhilai,81.4285,21.20919,625138,India,2622983732006.45
Bhavnagar,72.15331,21.76287,605882,India,2622983732006.45
Amrāvati,77.75,20.93333,603837,India,2622983732006.45
Shiraz,52.53113,29.61031,1249942,Iran,191718271483.759
Abeokuta,3.34509,7.15571,593100,Nigeria,432293776262.398
Krasnoyarsk,92.86717,56.01839,927200,Russian Federation,1483497784867.6
Lomé,1.22154,6.12874,749700,Togo,7574635241.30191
Kryvyy Rih,33.39404,47.90572,624579,Ukraine,155582008717.426
Houston,-95.36327,29.76328,2296224,United States,20936600000000.0
Seattle,-122.33207,47.60621,684451,United States,20936600000000.0
Barquisimeto,-69.35703,10.0647,1114097,Venezuela,0.0
Amman,35.94503,31.95522,1275857,Jordan,43697659275.3137
Hachiōji,139.32389,35.65583,561344,Japan,4975415241562.52
Fukuoka,130.41667,33.6,1392289,Japan,4975415241562.52
Goyang-si,126.835,37.65639,1073069,South Korea,1630525005469.11
Monrovia,-10.7969,6.30054,939524,Liberia,2950000000.0
Meknès,-5.54727,33.89352,545705,Morocco,112870591694.044
Antananarivo,47.53613,-18.91368,1391433,Madagascar,13720634105.403
Tuxtla,-93.11308,16.75973,537102,Mexico,1076163316174.94
Mysore,76.63925,12.29791,868313,India,2622983732006.45
Coimbatore,76.96612,11.00555,2136916,India,2622983732006.45
Chandīgarh,76.7884,30.73629,960787,India,2622983732006.45
Amritsar,74.87534,31.62234,1092450,India,2622983732006.45
Arāk,49.69809,34.09493,503647,Iran,191718271483.759
Zhaoqing,112.46091,23.04893,1553109,China,14722730697890.1
Xianning,114.32201,29.84347,512517,China,14722730697890.1
Wuxi,120.28857,31.56887,3543719,China,14722730697890.1
Taizhou,119.90812,32.49069,1607108,China,14722730697890.1
Suqian,118.29583,33.94917,1437685,China,14722730697890.1
Meishan,103.83696,30.04392,1107742,China,14722730697890.1
Changzhou,119.95401,31.77359,3290918,China,14722730697890.1
Tonghua,125.92639,41.71972,510000,China,14722730697890.1
Hezhou,111.56675,24.40357,1005490,China,14722730697890.1
Gold Coast,153.43088,-28.00029,591473,Australia,1330900925056.98
Ouagadougou,-1.53388,12.36566,1086505,Burkina Faso,17369059295.2226
Santa Cruz de la Sierra,-63.18117,-17.78629,1831434,Bolivia,36688861202.6049
Duque de Caxias,-43.31167,-22.78556,818329,Brazil,1444733258971.65
Omdurman,32.47773,15.64453,1200000,Sudan,26110829190.4008
Khartoum,32.53241,15.55177,1974647,Sudan,26110829190.4008
Hiroshima,132.45,34.4,1143841,Japan,4975415241562.52
Saitama,139.65657,35.90807,1193350,Japan,4975415241562.52
Mandalay,96.08359,21.97473,1208099,Myanmar,76185586096.7974
Macau,113.54611,22.20056,520400,China,14722730697890.1
Caracas,-66.87919,10.48801,3000000,Venezuela,0.0
Biên Hòa,106.82432,10.94469,830829,Vietnam,271158442059.082
Durban,31.0292,-29.8579,3120282,South Africa,301923639269.552
Nizhniy Novgorod,44.00205,56.32867,1284164,Russian Federation,1483497784867.6
Moscow,37.61556,55.75222,10381222,Russian Federation,1483497784867.6
Gujranwala,74.18705,32.15567,1384471,Pakistan,263686552686.208
Lagos,3.39467,6.45407,9000000,Nigeria,432293776262.398
Ilorin,4.54214,8.49664,814192,Nigeria,432293776262.398
Djibouti,43.14503,11.58901,623891,Djibouti,3384404260.07202
Queens,-73.83652,40.68149,2272771,United States,20936600000000.0
Baoshan,99.16366,25.11626,935618,China,14722730697890.1
Wuzhou,111.28848,23.48054,761948,China,14722730697890.1
Qinzhou,108.65061,21.98247,1296300,China,14722730697890.1
Hefei,117.28083,31.86389,3310268,China,14722730697890.1
Handan,114.48764,36.60999,1358318,China,14722730697890.1
Jiangyin,120.26302,31.91102,1013670,China,14722730697890.1
Córdoba,-64.18105,-31.4135,1428214,Argentina,383066977653.56
Sorocaba,-47.45806,-23.50167,558862,Brazil,1444733258971.65
Pointe-Noire,11.86352,-4.77609,659084,Congo,49868970641.1062
Brazzaville,15.28318,-4.26613,1284609,Congo,49868970641.1062
San Salvador,-89.18718,13.68935,525990,El Salvador,24638720000.0
Ciudad Guayana,-62.64102,8.35122,950052,Venezuela,0.0
Barcelona,-64.68618,10.13625,506016,Venezuela,0.0
Ho Chi Minh City,106.62965,10.82302,8993082,Vietnam,271158442059.082
Al Ḩudaydah,42.95452,14.79781,617871,Yemen,0.0
Soweto,27.85849,-26.26781,1695047,South Africa,301923639269.552
Benoni,28.32078,-26.18848,605344,South Africa,301923639269.552
Khabarovsk Vtoroy,135.13329,48.43776,578303,Russian Federation,1483497784867.6
Kozhikode,75.7804,11.24802,550440,India,2622983732006.45
Āsansol,86.98333,23.68333,504271,India,2622983732006.45
Kerman,57.07879,30.28321,577514,Iran,191718271483.759
Caloocan City,120.96788,14.64953,1500000,Philippines,361489354350.0
Wrocław,17.03333,51.1,634893,Poland,594164690894.936
Tiruppur,77.35456,11.11541,963173,India,2622983732006.45
Ryazan’,39.6916,54.6269,520173,Russian Federation,1483497784867.6
Chisinau,28.8575,47.00556,635994,Moldova,11914040905.2626
Oslo,10.74609,59.91273,580000,Norway,362522347110.364
Kota,75.83907,25.18254,763088,India,2622983732006.45
Mosul,43.11889,36.335,1739800,Iraq,167224432560.319
Basrah,47.7804,30.50852,2600000,Iraq,167224432560.319
Qom,50.8764,34.6401,900000,Iran,191718271483.759
Bristol,-2.59665,51.45523,617280,United Kingdom,2707743777173.91
Harare,31.05337,-17.82772,1542813,Zimbabwe,16768513442.6415
Essen,7.01228,51.45657,593085,Germany,3846413928653.71
Bremen,8.80717,53.07582,546501,Germany,3846413928653.71
Linyi,118.34278,35.06306,2303648,China,14722730697890.1
Leshan,103.76386,29.56227,662814,China,14722730697890.1
Hohhot,111.65222,40.81056,774477,China,14722730697890.1
Kabul,69.17233,34.52813,3043532,Afghanistan,19807067268.1084
Belém,-48.50444,-1.45583,1407737,Brazil,1444733258971.65
Osasco,-46.79167,-23.5325,677856,Brazil,1444733258971.65
Busan,129.03004,35.10168,3678555,South Korea,1630525005469.11
Seongnam-si,127.13778,37.43861,1031935,South Korea,1630525005469.11
Naucalpan de Juárez,-99.23963,19.47851,792211,Mexico,1076163316174.94
Situbondo,114.00976,-7.70623,600000,Indonesia,1058423838345.14
Padang,100.35427,-0.94924,840352,Indonesia,1058423838345.14
Baltimore,-76.61219,39.29038,621849,United States,20936600000000.0
San Antonio,-98.49363,29.42412,1469845,United States,20936600000000.0
N'Djamena,15.0444,12.10672,721081,Chad,10093118570.2918
Kayseri,35.48528,38.73222,592840,Turkey,720101212394.114
Saltillo,-101.0053,25.42321,709671,Mexico,1076163316174.94
Samara,50.15,53.20007,1134730,Russian Federation,1483497784867.6
Naberezhnyye Chelny,52.41122,55.72545,509870,Russian Federation,1483497784867.6
Rahim Yar Khan,70.30345,28.41987,788915,Pakistan,263686552686.208
Agadir,-9.59815,30.42018,698310,Morocco,112870591694.044
Ulan Bator,106.88324,47.90771,844818,Mongolia,13137128659.479
Kota Bharu,102.24333,6.12361,1459994,Malaysia,336664444247.042
Muscat,58.40778,23.58413,797000,Oman,0.0
Nashik,73.79096,19.99727,1289497,India,2622983732006.45
Lucknow,80.92313,26.83928,2472011,India,2622983732006.45
Karol Bāgh,77.19072,28.65136,505241,India,2622983732006.45
Rasht,49.58862,37.27611,594590,Iran,191718271483.759
Orūmīyeh,45.07605,37.55274,577307,Iran,191718271483.759
Zahedan,60.8629,29.4963,551980,Iran,191718271483.759
Libreville,9.45356,0.39241,578156,Gabon,15593181270.9135
Santiago de los Caballeros,-70.69703,19.4517,1200000,Dominican Republic,78844702329.0785
Algiers,3.08746,36.73225,1977663,Algeria,145163902228.168
Alexandria,29.91582,31.20176,3811516,Egypt,363069245165.315
Kowloon,114.18333,22.31667,2019533,China,14722730697890.1
Glasgow,-4.25763,55.86515,591620,United Kingdom,2707743777173.91
Cartagena,-75.51444,10.39972,952024,Colombia,271346896626.418
Xuchang,113.86299,34.03189,1265536,China,14722730697890.1
Xi’an,108.92861,34.25833,6501190,China,14722730697890.1
Changde,111.69844,29.03205,1457419,China,14722730697890.1
Shaoguan,113.58333,24.8,1028460,China,14722730697890.1
Jilin,126.56028,43.85083,1881977,China,14722730697890.1
Brisbane,153.02809,-27.46794,2189878,Australia,1330900925056.98
Natal,-35.20944,-5.795,763043,Brazil,1444733258971.65
Guarulhos,-46.53333,-23.46278,1169577,Brazil,1444733258971.65
Manaus,-60.025,-3.10194,1598210,Brazil,1444733258971.65
Jaboatão dos Guararapes,-35.01472,-8.11278,630008,Brazil,1444733258971.65
Edmonton,-113.46871,53.55014,712391,Canada,1644037286481.26
Copenhagen,12.56553,55.67594,1153615,Denmark,356084867685.639
Xinyang,114.06556,32.12278,1230042,China,14722730697890.1
Weinan,109.50891,34.50355,1199290,China,14722730697890.1
Wanning,110.3841,18.79931,545992,China,14722730697890.1
Shijiazhuang,114.47861,38.04139,3938513,China,14722730697890.1
Laiwu,117.65694,36.19278,989535,China,14722730697890.1
Hengyang,112.61888,26.88946,1075516,China,14722730697890.1
Changchun,125.32278,43.88,4193073,China,14722730697890.1
Puyang,115.01721,35.76318,655674,China,14722730697890.1
Touba,-15.88333,14.85,529176,Senegal,24910904235.857
Damascus,36.29128,33.5102,1569394,Syrian Arab Republic,0.0
Tunis,10.16579,36.81897,693210,Tunisia,39235672868.2722
Rostov-na-Donu,39.72328,47.23135,1074482,Russian Federation,1483497784867.6
Ipoh,101.0829,4.5841,673318,Malaysia,336664444247.042
Maiduguri,13.15712,11.84692,1112449,Nigeria,432293776262.398
Las Piñas,120.98278,14.45056,590000,Philippines,361489354350.0
Kathmandu,85.3206,27.70169,1442271,Nepal,33657175561.329
Haiphong,106.68345,20.86481,841520,Vietnam,271158442059.082
Port Elizabeth,25.61494,-33.96109,967677,South Africa,301923639269.552
Cape Town,18.42322,-33.92584,3433441,South Africa,301923639269.552
Charlotte,-80.84313,35.22709,827097,United States,20936600000000.0
Volgograd,44.50183,48.71939,1011417,Russian Federation,1483497784867.6
Ulyanovsk,48.38657,54.32824,640680,Russian Federation,1483497784867.6
Khabarovsk,135.08379,48.48271,579000,Russian Federation,1483497784867.6
Irkutsk,104.29639,52.29778,586695,Russian Federation,1483497784867.6
Yangon,96.15611,16.80528,4477638,Myanmar,76185586096.7974
Manhattan,-73.96625,40.78343,1487536,United States,20936600000000.0
Reynosa,-98.28835,26.08061,589466,Mexico,1076163316174.94
Tangerang,106.63,-6.17806,1372124,Indonesia,1058423838345.14
Varanasi,83.01041,25.31668,1164404,India,2622983732006.45
Puducherry,79.82979,11.93381,657209,India,2622983732006.45
Bhopāl,77.40289,23.25469,1599914,India,2622983732006.45
Agra,78.01667,27.18333,1430055,India,2622983732006.45
Kirkuk,44.39222,35.46806,601433,Iraq,167224432560.319
Al Mawşil al Jadīdah,43.10555,36.33271,2065597,Iraq,167224432560.319
Vadodara,73.20812,22.29941,1822221,India,2622983732006.45
Sāngli,74.56417,16.85438,601214,India,2622983732006.45
Aleppo,37.16117,36.20124,1602264,Syrian Arab Republic,0.0
Maracay,-67.59113,10.23535,1754256,Venezuela,0.0
Krasnodar,38.97603,45.04484,649851,Russian Federation,1483497784867.6
Budta,124.43972,7.20417,1273715,Philippines,361489354350.0
Łódź,19.47395,51.77058,768755,Poland,594164690894.936
Columbus,-82.99879,39.96118,850106,United States,20936600000000.0
Guatemala City,-90.51327,14.64072,994938,Guatemala,77604632170.5853
Warangal,79.58333,18.0,557802,India,2622983732006.45
Tiruchirappalli,78.69651,10.8155,1022518,India,2622983732006.45
Addis Ababa,38.74689,9.02497,2757729,Ethiopia,107645054311.876
Nowrangapur,82.54826,19.23114,1220946,India,2622983732006.45
Gorakhpur,75.67206,29.44768,1324570,India,2622983732006.45
Aurangabad,75.34226,19.87757,1016441,India,2622983732006.45
Ajmer,74.63867,26.4521,517911,India,2622983732006.45
Rohini,77.06778,28.74322,860000,India,2622983732006.45
Yokohama,139.65,35.43333,3574443,Japan,4975415241562.52
Tokyo,139.69171,35.6895,8336599,Japan,4975415241562.52
Mombasa,39.66359,-4.05466,799668,Kenya,98842939649.1149
Ulsan,129.31667,35.53722,962865,South Korea,1630525005469.11
Ra’s Bayrūt,35.48333,33.9,1251739,Lebanon,33383246857.58
Umraniye,29.12476,41.01643,573265,Turkey,720101212394.114
Abidjan,-4.00167,5.35444,3677115,Côte d'Ivoire,61348579465.1017
Yongzhou,111.61306,26.42389,1020715,China,14722730697890.1
Quanzhou,118.58583,24.91389,1435185,China,14722730697890.1
Nanchong,106.08473,30.79508,1858875,China,14722730697890.1
Lu’an,116.51688,31.73561,1644344,China,14722730697890.1
Jiaxing,120.75,30.7522,762643,China,14722730697890.1
Huaihua,110.00404,27.56337,552622,China,14722730697890.1
Fuyang,115.81667,32.9,1768947,China,14722730697890.1
Changzhi,111.73861,35.20889,699514,China,14722730697890.1
Anqing,117.04723,30.51365,804493,China,14722730697890.1
Yingkou,122.22833,40.66482,591159,China,14722730697890.1
Panshan,122.04944,41.18806,625040,China,14722730697890.1
Baoji,107.23705,34.36775,1437802,China,14722730697890.1
Baku,49.89201,40.37767,1116513,Azerbaijan,42607176470.5882
Yaoundé,11.51667,3.86667,1299369,Cameroon,39802147568.2174
Zhangzhou,117.65556,24.51333,589831,China,14722730697890.1
Yangquan,113.56333,37.8575,731228,China,14722730697890.1
Sanya,109.505,18.24306,1031396,China,14722730697890.1
Qingyuan,113.03333,23.7,1738424,China,14722730697890.1
Ji’an,114.97927,27.11716,538699,China,14722730697890.1
Haikou,110.34167,20.04583,2873358,China,14722730697890.1
Foshan,113.13148,23.02677,7197394,China,14722730697890.1
Beihai,109.11549,21.48349,525329,China,14722730697890.1
Ordos,109.78157,39.6086,1940653,China,14722730697890.1
Hamilton,-79.84963,43.25011,519949,Canada,1644037286481.26
Voronezh,39.1843,51.67204,848752,Russian Federation,1483497784867.6
Santo Domingo,-69.89232,18.47186,2201941,Dominican Republic,78844702329.0785
Monterrey,-100.31847,25.67507,1135512,Mexico,1076163316174.94
Battagram,73.02329,34.67719,700000,Pakistan,263686552686.208
Turin,7.68682,45.07049,870456,Italy,1886445268340.71
Vladivostok,131.87353,43.10562,587022,Russian Federation,1483497784867.6
Las Vegas,-115.13722,36.17497,623747,United States,20936600000000.0
Okayama,133.93333,34.65,639652,Japan,4975415241562.52
Daejeon,127.38493,36.34913,1475221,South Korea,1630525005469.11
Mérida,-89.61696,20.97537,777615,Mexico,1076163316174.94
Medan,98.66667,3.58333,1750971,Indonesia,1058423838345.14
Sharjah,55.41206,25.33737,1324473,United Arab Emirates,0.0
Perth,115.8614,-31.95224,1896548,Australia,1330900925056.98
Raipur,81.63333,21.23333,679995,India,2622983732006.45
Morādābād,78.77684,28.83893,721139,India,2622983732006.45
Bengaluru,77.59369,12.97194,8443675,India,2622983732006.45
Shivaji Nagar,73.85263,18.53017,1000000,India,2622983732006.45
Adana,35.32531,36.98615,1248988,Turkey,720101212394.114
Taipei,121.53185,25.04776,7871900,China,14722730697890.1
Bayan Nur,107.38599,40.74143,1760000,China,14722730697890.1
Barranquilla,-74.78132,10.96854,1380425,Colombia,271346896626.418
Prague,14.42076,50.08804,1165581,Czech Republic,245349489988.26
Stuttgart,9.17702,48.78232,589793,Germany,3846413928653.71
Oran,-0.63588,35.69906,645984,Algeria,145163902228.168
Zaragoza,-0.87734,41.65606,674317,Spain,1281484640043.58
Dortmund,7.466,51.51494,588462,Germany,3846413928653.71
Zigong,104.77689,29.34162,1262064,China,14722730697890.1
Kunshan,120.95431,31.37762,1118617,China,14722730697890.1
Yichang,111.28472,30.71444,1350150,China,14722730697890.1
Sanming,117.61861,26.24861,602166,China,14722730697890.1
Guang’an,106.63696,30.47413,858159,China,14722730697890.1
Nantong,120.87472,32.03028,2273326,China,14722730697890.1
Ma’anshan,118.51008,31.68579,741531,China,14722730697890.1
Jingzhou,112.19028,30.35028,1052282,China,14722730697890.1
Fuzhou,116.33333,27.95999,1089888,China,14722730697890.1
Dongying,118.49165,37.46271,998968,China,14722730697890.1
Fushun,123.94363,41.88669,1400646,China,14722730697890.1
Changshu,120.74221,31.64615,1047700,China,14722730697890.1
Rājshāhi,88.60114,24.374,700133,Bangladesh,324239176765.053
Cochabamba,-66.1568,-17.3895,841276,Bolivia,36688861202.6049
Recife,-34.88111,-8.05389,1478098,Brazil,1444733258971.65
Contagem,-44.05361,-19.93167,627123,Brazil,1444733258971.65
Campinas,-47.06083,-22.90556,1031554,Brazil,1444733258971.65
Nashville,-86.78444,36.16589,530852,United States,20936600000000.0
Ashgabat,58.38333,37.95,727700,Turkmenistan,0.0
Tainan,120.21333,22.99083,771235,China,14722730697890.1
Maracaibo,-71.61245,10.66663,2225000,Venezuela,0.0
Lusaka,28.28713,-15.40669,1267440,Zambia,19320053859.279
Kitakyushu,130.85034,33.85181,997536,Japan,4975415241562.52
Anyang-si,126.92694,37.3925,595644,South Korea,1630525005469.11
Surakarta,110.83167,-7.55611,555308,Indonesia,1058423838345.14
Banjarmasin,114.59075,-3.31987,572837,Indonesia,1058423838345.14
Tbilisi,44.83368,41.69411,1049498,Georgia,15891688903.1843
Erode,77.72741,11.3428,521891,India,2622983732006.45
Mumbai,72.88261,19.07283,12691836,India,2622983732006.45
Kahrīz,47.0553,34.3838,766706,Iran,191718271483.759
Palermo,13.33561,38.13205,648260,Italy,1886445268340.71
Quetta,67.00141,30.18414,733675,Pakistan,263686552686.208
Chiclayo,-79.84088,-6.77137,577375,Peru,202014363787.233
San Luis Potosí,-100.97916,22.14982,722772,Mexico,1076163316174.94
Culiacán,-107.38782,24.79032,675773,Mexico,1076163316174.94
Kaduna,7.43879,10.52641,1582102,Nigeria,432293776262.398
Ebute Ikorodu,3.48818,6.60086,535619,Nigeria,432293776262.398
Benin City,5.62575,6.33815,1125058,Nigeria,432293776262.398
General Santos,125.17167,6.11278,679588,Philippines,361489354350.0
Osaka,135.50218,34.69374,2592413,Japan,4975415241562.52
Honchō,139.98648,35.70129,560743,Japan,4975415241562.52
Chiba,140.11667,35.6,919729,Japan,4975415241562.52
Sapporo,141.35,43.06667,1883027,Japan,4975415241562.52
Kimhae,128.88111,35.23417,550758,South Korea,1630525005469.11
Cheonan,127.1522,36.8065,666417,South Korea,1630525005469.11
Hong Kong,114.17469,22.27832,7482500,China,14722730697890.1
Pekanbaru,101.44167,0.51667,703956,Indonesia,1058423838345.14
Malang,112.6304,-7.9797,746716,Indonesia,1058423838345.14
Jerusalem,35.21633,31.76904,801000,Israel,401953767072.801
Munich,11.57549,48.13743,1260391,Germany,3846413928653.71
Patna,85.13563,25.59408,1599920,India,2622983732006.45
Kanpur,80.34975,26.46523,2823249,India,2622983732006.45
Indore,75.8333,22.71792,1837041,India,2622983732006.45
Santiago,-70.64827,-33.45694,4837295,Chile,252940023046.011
Zunyi,106.90722,27.68667,2037775,China,14722730697890.1
Zhoukou,114.63333,33.63333,505171,China,14722730697890.1
Zhanjiang,110.34271,21.28145,1611868,China,14722730697890.1
Wenzhou,120.66682,27.99942,2686825,China,14722730697890.1
Luohe,114.04272,33.56394,1294974,China,14722730697890.1
Kunming,102.71833,25.03889,3855346,China,14722730697890.1
Cixi,121.2457,30.1764,1059942,China,14722730697890.1
Hanzhong,107.02214,33.07507,1006557,China,14722730697890.1
Guangzhou,113.25,23.11667,11071424,China,14722730697890.1
Goiânia,-49.25389,-16.67861,1171195,Brazil,1444733258971.65
Mbuji-Mayi,23.58979,-6.13603,874761,Congo,49868970641.1062
Phoenix,-112.07404,33.44838,1563025,United States,20936600000000.0
Pristina,21.16688,42.67272,550000,Kosovo,7611402165.24217
Diyarbakır,40.21721,37.91363,644763,Turkey,720101212394.114
Yaroslavl,39.87368,57.62987,606730,Russian Federation,1483497784867.6
Orenburg,55.0988,51.7727,550204,Russian Federation,1483497784867.6
Kazan,49.12214,55.78874,1104738,Russian Federation,1483497784867.6
Tyumen,65.52722,57.15222,519119,Russian Federation,1483497784867.6
Kigali,30.05885,-1.94995,1132686,Rwanda,10333991891.7032
Cali,-76.5225,3.43722,2392877,Colombia,271346896626.418
Leipzig,12.37129,51.33962,504971,Germany,3846413928653.71
Hannover,9.73322,52.37052,515140,Germany,3846413928653.71
Düsseldorf,6.77616,51.22172,573057,Germany,3846413928653.71
Douala,9.70428,4.04827,1338082,Cameroon,39802147568.2174
Zibo,118.06333,36.79056,3129228,China,14722730697890.1
Tianshui,105.74238,34.57952,1212791,China,14722730697890.1
Laibin,109.22222,23.74743,910282,China,14722730697890.1
Deyang,104.38198,31.13019,735070,China,14722730697890.1
Baoding,115.49028,38.85111,2739887,China,14722730697890.1
Meerut,77.70636,28.98002,1223184,India,2622983732006.45
Hubli,75.13378,15.34776,840214,India,2622983732006.45
Āzādshahr,48.57011,34.79049,514102,Iran,191718271483.759
Dubai,55.30927,25.07725,2956587,United Arab Emirates,0.0
Teresina,-42.80194,-5.08917,744512,Brazil,1444733258971.65
Camayenne,-13.68778,9.535,1871242,Guinea,15681050917.1588
Sheffield,-1.4659,53.38297,685368,United Kingdom,2707743777173.91
Shizuoka,138.38333,34.98333,701561,Japan,4975415241562.52
Hamhŭng,127.53639,39.91833,559056,North Korea,0.0
Seoul,126.9784,37.566,10349312,South Korea,1630525005469.11
Benghazi,20.06859,32.11486,650629,Libya,25418461532.2008
Matola,32.45889,-25.96222,675422,Mozambique,14021421105.9078
Enugu,7.49883,6.44132,688862,Nigeria,432293776262.398
Zagreb,15.97798,45.81444,698966,Croatia,55966581780.1688
Penza,45.00464,53.20066,512602,Russian Federation,1483497784867.6
Dallas,-96.80667,32.78306,1300092,United States,20936600000000.0
South Boston,-71.04949,42.33343,571281,United States,20936600000000.0
Riyadh,46.72185,24.68773,4205961,Saudi Arabia,700117873249.269
San Francisco,-122.41942,37.77493,864816,United States,20936600000000.0
Albuquerque,-106.65114,35.08449,559121,United States,20936600000000.0
Malingao,124.475,7.16083,1121974,Philippines,361489354350.0
Hyderabad,68.37366,25.39242,1386330,Pakistan,263686552686.208
Warsaw,21.01178,52.22977,1702139,Poland,594164690894.936
Kuching,110.33333,1.55,570407,Malaysia,336664444247.042
Kawasaki,139.71722,35.52056,1306785,Japan,4975415241562.52
Sendai,140.86667,38.26667,1063103,Japan,4975415241562.52
Jeonju,127.14889,35.82194,711424,South Korea,1630525005469.11
Almaty,76.92861,43.25667,2000900,Kazakhstan,169835426427.153
Adelaide,138.59863,-34.92866,1225235,Australia,1330900925056.98
Chattogram,91.83168,22.3384,3920222,Bangladesh,324239176765.053
Yulin,110.14686,22.6305,1056743,China,14722730697890.1
Nanjing,118.77778,32.06167,7165292,China,14722730697890.1
Kaifeng,114.30742,34.7986,1451741,China,14722730697890.1
Heze,115.47358,35.23929,1346717,China,14722730697890.1
Zhongshan,113.37912,22.52306,2740994,China,14722730697890.1
La Paz,-68.15,-16.5,2004652,Bolivia,36688861202.6049
São José dos Campos,-45.88694,-23.17944,613764,Brazil,1444733258971.65
Cuiabá,-56.09667,-15.59611,521934,Brazil,1444733258971.65
Calgary,-114.08529,51.05011,1019942,Canada,1644037286481.26
Ottawa,-75.69812,45.41117,812129,Canada,1644037286481.26
Toronto,-79.4163,43.70011,2600000,Canada,1644037286481.26
Kisangani,25.19099,0.51528,539158,Congo,49868970641.1062
Pimpri,73.80696,18.62292,1284606,India,2622983732006.45
Hāora,88.31857,22.57688,1027672,India,2622983732006.45
Navi Mumbai,73.01582,19.03681,2600000,India,2622983732006.45
Philadelphia,-75.16379,39.95233,1567442,United States,20936600000000.0
New South Memphis,-90.05676,35.08676,641608,United States,20936600000000.0
Göteborg,11.96679,57.70716,572799,Sweden,541063604339.715
Bursa,29.06013,40.19559,1412701,Turkey,720101212394.114
Dar es Salaam,39.26951,-6.82349,2698652,Tanzania,62409748426.5824
Novosibirsk,82.9346,55.0415,1419007,Russian Federation,1483497784867.6
Birmingham,-1.89983,52.48142,984333,United Kingdom,2707743777173.91
Üsküdar,29.01366,41.02274,582666,Turkey,720101212394.114
Bağcılar,28.85671,41.03903,749024,Turkey,720101212394.114
Portland,-122.67621,45.52345,632309,United States,20936600000000.0
Bulawayo,28.58333,-20.15,699385,Zimbabwe,16768513442.6415
Yichun,114.4,27.83333,1045952,China,14722730697890.1
Taiyuan,112.56028,37.86944,4529141,China,14722730697890.1
Suining,105.57332,30.50802,656760,China,14722730697890.1
Guankou,113.62709,28.15861,1380000,China,14722730697890.1
Langfang,116.69472,39.50972,868066,China,14722730697890.1
Jinan,116.99722,36.66833,4335989,China,14722730697890.1
Guli,120.03308,28.88162,536000,China,14722730697890.1
Guigang,109.59472,23.11603,1086327,China,14722730697890.1
Dalian,121.60222,38.91222,4087733,China,14722730697890.1
Chongqing,106.55771,29.56026,7457600,China,14722730697890.1
Bozhou,115.77028,33.87722,1409436,China,14722730697890.1
Winnipeg,-97.14704,49.8844,632063,Canada,1644037286481.26
Bogotá,-74.08175,4.60971,7674366,Colombia,271346896626.418
Santiago de Cuba,-75.82667,20.02083,555865,Cuba,0.0
New York City,-74.00597,40.71427,8175133,United States,20936600000000.0
Port-au-Prince,-72.33881,18.54349,1234742,Haiti,13417997065.1099
Surat,72.83023,21.19594,4591246,India,2622983732006.45
León de los Aldama,-101.67374,21.12908,1238962,Mexico,1076163316174.94
Rotterdam,4.47917,51.9225,598199,Netherlands,913865395789.886
Fès,-5.00028,34.03313,964891,Morocco,112870591694.044
Quezon City,121.0509,14.6488,2761720,Philippines,361489354350.0
Chelyabinsk,61.42915,55.15402,1062919,Russian Federation,1483497784867.6
Quito,-78.52495,-0.22985,1399814,Ecuador,98808010000.0
Cairo,31.24967,30.06263,7734614,Egypt,363069245165.315
Jodhpur,73.00594,26.26841,921476,India,2622983732006.45
Bīkaner,73.31495,28.01762,576015,India,2622983732006.45
Mexico City,-99.12766,19.42847,12294193,Mexico,1076163316174.94
Lima,-77.02824,-12.04318,7737002,Peru,202014363787.233
